0.000000000000000000e+00,9.818778766244649887e+02,8.734571495263694640e-03,2.727216990189890389e+00,0.000000000000000000e+00,0.000000000000000000e+00,2.226881798071037033e-01,1.723674553288859950e-03,1.772971502728760242e+02,1.995307055342576940e-05,-0.000000000000000000e+00,5.204449112786481898e-06
0.000000000000000000e+00,-1.377134793832898140e+03,-1.248593428806694591e-02,-2.782212259505456142e+00,0.000000000000000000e+00,0.000000000000000000e+00,-2.875677630723084133e-01,-2.349544607400604924e-03,-2.616666876450181007e+02,-2.906447352298909776e-05,-0.000000000000000000e+00,-7.210478085969324023e-06
0.000000000000000000e+00,8.989645594924688339e+03,9.045798130253439318e-02,1.607170025856445195e+00,0.000000000000000000e+00,0.000000000000000000e+00,1.179957980082815050e+00,1.173518771868394504e-02,2.433377896085381508e+03,2.222797350547192987e-04,-0.000000000000000000e+00,3.835339939788829413e-05
0.000000000000000000e+00,1.456187909894436598e+04,1.500552948883212556e-01,1.043967117345306006e+00,0.000000000000000000e+00,0.000000000000000000e+00,1.722884650257910044e+00,1.770469957681411119e-02,4.342552022464573383e+03,3.634794580254885701e-04,-0.000000000000000000e+00,5.804596319900585596e-05
0.000000000000000000e+00,2.016396601711213589e+04,2.142102389031119714e-01,3.251479664950554516e-01,0.000000000000000000e+00,0.000000000000000000e+00,2.141458733741055109e+00,2.272196137503536273e-02,6.690709672793745995e+03,4.933662721479187491e-04,-0.000000000000000000e+00,7.399382472341891920e-05
0.000000000000000000e+00,2.462233627007901669e+04,2.739086067228665433e-01,4.852407930760049425e-04,0.000000000000000000e+00,0.000000000000000000e+00,2.346396442567485252e+00,2.559652299124717464e-02,9.133029770061373711e+03,5.583180397937909057e-04,-0.000000000000000000e+00,8.165384405546943769e-05
0.000000000000000000e+00,-1.937056262835860252e+03,-1.789027976086746477e-02,-2.749087781489893967e+00,0.000000000000000000e+00,0.000000000000000000e+00,-3.709175737163549758e-01,-3.154406602556485400e-03,-3.894108616914600134e+02,-4.214267622699314749e-05,-0.000000000000000000e+00,-9.826536929099443662e-06
0.000000000000000000e+00,2.961289909720420837e+03,2.790775801817440421e-02,2.824206651952272384e+00,0.000000000000000000e+00,0.000000000000000000e+00,5.186438152982124627e-01,4.583917831735903094e-03,6.338187854811549187e+02,6.674025782092586482e-05,-0.000000000000000000e+00,1.446884544905172606e-05
0.000000000000000000e+00,4.017502659149467945e+03,3.869961630526071172e-02,2.425799893797366380e+00,0.000000000000000000e+00,0.000000000000000000e+00,6.413721472283820946e-01,5.915297810823879308e-03,9.220967344120144844e+02,9.385636918304657782e-05,-0.000000000000000000e+00,1.894978644795077319e-05
0.000000000000000000e+00,-6.639322106260806322e+03,-6.535592433811975022e-02,-2.331589743714784557e+00,0.000000000000000000e+00,0.000000000000000000e+00,-9.632264021072945992e-01,-9.244783056892540499e-03,-1.647456752456724644e+03,-1.601798457922433297e-04,-0.000000000000000000e+00,-2.999874685985444477e-05
0.000000000000000000e+00,-2.159709706552326679e+03,-1.818669365305272331e-02,-2.305045222544892081e+00,0.000000000000000000e+00,0.000000000000000000e+00,-6.093831965425317021e-01,-4.270900721684546542e-03,-3.370040192008018494e+02,-3.928183596275680735e-05,-0.000000000000000000e+00,-1.213770112935511436e-05
0.000000000000000000e+00,-3.951704555049538612e+03,-3.459859017953616916e-02,-2.279822199184474485e+00,0.000000000000000000e+00,0.000000000000000000e+00,-9.415512962544316800e-01,-7.328792228615557680e-03,-6.673849089741706848e+02,-7.597990758803636728e-05,-0.000000000000000000e+00,-2.133400847119320157e-05
0.000000000000000000e+00,-8.843118631243705750e+02,-6.989137846268520839e-03,-2.509078217514564724e+00,0.000000000000000000e+00,0.000000000000000000e+00,-3.385373649879117597e-01,-1.930668435182286658e-03,-1.218431761264801025e+02,-1.465094295531490891e-05,-0.000000000000000000e+00,-5.235580429924779933e-06
0.000000000000000000e+00,-1.475670494861900806e+03,-1.201737868299449126e-02,-2.654649817139010270e+00,0.000000000000000000e+00,0.000000000000000000e+00,-4.873857162767694096e-01,-3.076617360805981253e-03,-2.153045128732919693e+02,-2.547802818969782844e-05,-0.000000000000000000e+00,-8.618888577805790212e-06
0.000000000000000000e+00,1.640869257705658674e+04,1.737505675626528912e-01,3.308833931797616201e-01,0.000000000000000000e+00,0.000000000000000000e+00,2.180746598583516604e+00,2.369736099886196948e-02,3.811530817274004221e+03,3.679770936555876973e-04,-0.000000000000000000e+00,7.056760636729975903e-05
0.000000000000000000e+00,2.273266427167877555e+04,2.735649187096891310e-01,5.117102280188110452e-04,0.000000000000000000e+00,0.000000000000000000e+00,2.428035261933994882e+00,2.993248985422057931e-02,5.898536033911630511e+03,5.029197598658196808e-04,-0.000000000000000000e+00,8.394628504017291452e-05
0.000000000000000000e+00,-6.340291875064373016e+03,-5.824431594894568381e-02,-1.717183702802974832e+00,0.000000000000000000e+00,0.000000000000000000e+00,-1.260668443725078358e+00,-1.092655503381440019e-02,-1.175078638162463903e+03,-1.294817301107334027e-04,-0.000000000000000000e+00,-3.250910478890038603e-05
0.000000000000000000e+00,1.104309588510543108e+04,1.076322327927348999e-01,1.094880234100773064e+00,0.000000000000000000e+00,0.000000000000000000e+00,1.807566003921643905e+00,1.751537779611132481e-02,2.279030630853027105e+03,2.384446616637924776e-04,-0.000000000000000000e+00,5.254391257063663318e-05
0.000000000000000000e+00,6.860637681633234024e+02,5.249467248121397409e-03,2.919840949390165807e+00,0.000000000000000000e+00,0.000000000000000000e+00,3.015502726303369574e-01,1.552360695452448475e-03,8.998918745666742325e+01,1.095493869224017968e-05,-0.000000000000000000e+00,4.134992046910044107e-06
0.000000000000000000e+00,8.307686550687765703e+03,2.286469608945590204e-01,2.906664818382687088e+00,0.000000000000000000e+00,0.000000000000000000e+00,3.009790152054743761e-01,9.514150684865886956e-03,1.991546735165058635e+03,3.246224822925160199e-05,-0.000000000000000000e+00,-1.942038698941977824e-05
0.000000000000000000e+00,-7.267839204534888268e+03,-1.475740850899307510e-01,-2.907108175384064630e+00,0.000000000000000000e+00,0.000000000000000000e+00,-2.378541442262562811e-01,-1.072620032688251755e-02,-1.252337234213948250e+03,-4.816159853657092773e-05,-0.000000000000000000e+00,2.410833745604901905e-05
0.000000000000000000e+00,-2.201968124446272850e+04,-2.460053351617908779e-01,-2.326533677119125513e-04,0.000000000000000000e+00,0.000000000000000000e+00,-2.082805818164176870e+00,-2.276434157119976501e-02,-8.230400930404663086e+03,-4.951350061739561575e-04,-0.000000000000000000e+00,-7.243342671294581011e-05
0.000000000000000000e+00,2.293523875591997057e+04,2.803522641112056735e-01,2.921877862768125778e-01,0.000000000000000000e+00,0.000000000000000000e+00,1.939287047039391254e+00,2.179930366883646442e-02,9.619974871808663011e+03,4.204605807424949423e-04,-0.000000000000000000e+00,6.611811432494963281e-05
0.000000000000000000e+00,-1.903643858841061592e+04,-2.779300505572187552e-01,-8.621904498719151766e-01,0.000000000000000000e+00,0.000000000000000000e+00,-1.428836332599056735e+00,-1.659853522986997829e-02,-8.939422891408205032e+03,-2.010987200659655446e-04,-0.000000000000000000e+00,-4.551287970213614904e-05
0.000000000000000000e+00,1.578463154210895300e+04,3.066181194676632638e-01,1.424148625525341938e+00,0.000000000000000000e+00,0.000000000000000000e+00,1.048697900257296256e+00,1.275037549735021439e-02,8.090621173787862062e+03,-1.153185063619405498e-05,-0.000000000000000000e+00,2.876497900402173863e-05
0.000000000000000000e+00,-1.298802724246308208e+04,-3.533726605119769659e-01,-1.841277777116784309e+00,0.000000000000000000e+00,0.000000000000000000e+00,-7.621172185438632729e-01,-9.964101514395248133e-03,-6.872496156126260757e+03,1.567541638078086502e-04,-0.000000000000000000e+00,-1.516183312485843965e-05
0.000000000000000000e+00,1.112070476761460304e+04,3.931960195760534904e-01,2.174554423705052919e+00,0.000000000000000000e+00,0.000000000000000000e+00,5.760695392370630552e-01,8.490393534670466480e-03,5.554800937846302986e+03,-1.843464503926683918e-04,-0.000000000000000000e+00,4.580510745422108634e-06
0.000000000000000000e+00,9.560357831768691540e+03,3.685701800972762676e-01,2.377778257423531105e+00,0.000000000000000000e+00,0.000000000000000000e+00,4.374529310935331705e-01,7.750015711353335467e-03,4.051038802795112133e+03,-1.093176652627855170e-04,-0.000000000000000000e+00,-4.110255743482116254e-06
0.000000000000000000e+00,8.641375014130026102e+03,3.011244598700387187e-01,2.592903953880441481e+00,0.000000000000000000e+00,0.000000000000000000e+00,3.506619027661966870e-01,8.040820076483554471e-03,2.831891384262591600e+03,-2.167945425373994309e-05,-0.000000000000000000e+00,-1.170864885789010510e-05
0.000000000000000000e+00,-5.614302449055016041e+03,-2.293090579224262363e-02,-2.780782164805214229e+00,0.000000000000000000e+00,0.000000000000000000e+00,-2.875705448088783367e-01,-3.191769864444952282e-02,-2.374510585442185402e+02,-2.643193506396324159e-05,-0.000000000000000000e+00,-1.844226175516353865e-06
0.000000000000000000e+00,-2.351746350502595305e+04,-4.112470668644240268e-01,-9.474376280059479960e-01,0.000000000000000000e+00,0.000000000000000000e+00,-1.567530089274995486e+00,-2.949429880756906236e-02,-6.017729080252349377e+03,-3.737014025622608618e-04,-0.000000000000000000e+00,-4.313126213242542329e-05
0.000000000000000000e+00,1.936113617583364248e+04,3.260904501541767586e-01,1.402373970734326791e+00,0.000000000000000000e+00,0.000000000000000000e+00,1.031427218528351508e+00,2.870335930973980099e-02,3.771976072944700718e+03,2.454376978982476440e-04,-0.000000000000000000e+00,1.133844932212119064e-05
0.000000000000000000e+00,-2.215827640685439110e+04,-2.679478245835807404e-01,-6.433409128284360524e-04,0.000000000000000000e+00,0.000000000000000000e+00,-2.351184702825708239e+00,-2.912544349999126800e-02,-5.765845586180686951e+03,-4.893735853571573634e-04,-0.000000000000000000e+00,-8.134111342216725357e-05
0.000000000000000000e+00,-2.232459795251488686e+04,-3.273567205484821385e-01,-2.844679580225384363e-01,0.000000000000000000e+00,0.000000000000000000e+00,-1.883728816068365619e+00,-2.751391537064681522e-02,-6.158490245252847672e+03,-4.399765220915601602e-04,-0.000000000000000000e+00,-6.407016775878538037e-05
0.000000000000000000e+00,1.201580754662677646e+04,7.162716546726682898e-02,2.551147072251824799e+00,0.000000000000000000e+00,0.000000000000000000e+00,4.690788926384892865e-01,4.898291426545194061e-02,7.090484322980046272e+02,7.111181030393854861e-05,-0.000000000000000000e+00,-2.016867221786837228e-05
0.000000000000000000e+00,-8.819254218257963657e+03,-4.132448015512994732e-02,-2.805112272595678746e+00,0.000000000000000000e+00,0.000000000000000000e+00,-3.788857088811975471e-01,-4.461003832641761979e-02,-4.176165576353669167e+02,-4.473544730973716079e-05,-0.000000000000000000e+00,7.987102589038257210e-06
0.000000000000000000e+00,-1.911195369805023074e+04,-2.402069138913374979e-01,-2.041686641681796477e+00,0.000000000000000000e+00,0.000000000000000000e+00,-8.447757481842343985e-01,-3.891413793768032370e-02,-2.451438685823231936e+03,-1.898341231509310749e-04,-0.000000000000000000e+00,1.313128251559861614e-05
0.000000000000000000e+00,1.596161834639310837e+04,1.350301254765486347e-01,2.378464890124469822e+00,0.000000000000000000e+00,0.000000000000000000e+00,6.297500438238016196e-01,4.722076498646325671e-02,1.328592553976923227e+03,1.203033781300186196e-04,-0.000000000000000000e+00,-2.533665266002880403e-05
0.000000000000000000e+00,1.341379748813807964e+03,1.246119833865182332e-02,3.049792783460065770e+00,0.000000000000000000e+00,0.000000000000000000e+00,2.495330354393727468e-01,2.150352017551528279e-03,2.770902240835130215e+02,2.976332810713581720e-05,-0.000000000000000000e+00,6.739706011317101951e-06
0.000000000000000000e+00,1.749270786989480257e+03,1.648596197905768945e-02,2.936931014462640821e+00,0.000000000000000000e+00,0.000000000000000000e+00,3.040331274840128994e-01,2.691058922737633776e-03,3.796497702784836292e+02,3.981572151075994876e-05,-0.000000000000000000e+00,8.536392091830688941e-06
0.000000000000000000e+00,4.730916393771767616e+03,4.651556666827563052e-02,2.504138541432597176e+00,0.000000000000000000e+00,0.000000000000000000e+00,6.632613238938395162e-01,6.393393844790751929e-03,1.225065864808857441e+03,1.163424559176301243e-04,-0.000000000000000000e+00,2.090770995958583930e-05
0.000000000000000000e+00,6.796454315975308418e+03,6.768259675077185900e-02,2.135237956158962724e+00,0.000000000000000000e+00,0.000000000000000000e+00,8.834348428499605443e-01,8.711357179931069478e-03,1.887699833363294601e+03,1.699982492021283960e-04,-0.000000000000000000e+00,2.880449246173857775e-05
0.000000000000000000e+00,2.235827281518839300e+03,2.136546213428884219e-02,2.681299498760897126e+00,0.000000000000000000e+00,0.000000000000000000e+00,3.624221048110216614e-01,3.298747475268755652e-03,5.120747701525688171e+02,5.237314302965807194e-05,-0.000000000000000000e+00,1.066435913686270805e-05
0.000000000000000000e+00,3.342690585169941187e+03,3.240664228517208673e-02,2.742028590238676955e+00,0.000000000000000000e+00,0.000000000000000000e+00,5.045679923716782644e-01,4.723781993013790800e-03,8.118478376902639866e+02,8.033887263663957285e-05,-0.000000000000000000e+00,1.539148016077339102e-05
0.000000000000000000e+00,2.179147139560058713e+04,2.253759429507572742e-01,3.374418497431883046e-01,0.000000000000000000e+00,0.000000000000000000e+00,2.224891210588182400e+00,2.340512117656286945e-02,7.776100930564105511e+03,5.254536040771147715e-04,-0.000000000000000000e+00,7.723141899967347814e-05
0.000000000000000000e+00,2.535705802330374718e+04,2.677124087747100312e-01,6.913600981365849258e-04,0.000000000000000000e+00,0.000000000000000000e+00,2.384822533207003215e+00,2.550719617984526996e-02,9.926905301779508591e+03,5.627750649349873508e-04,-0.000000000000000000e+00,8.293473000417448944e-05
0.000000000000000000e+00,1.082380128980427980e+04,1.091597202636378355e-01,1.769773563913593195e+00,0.000000000000000000e+00,0.000000000000000000e+00,1.301512793233966514e+00,1.314935350992821154e-02,3.245512647766619921e+03,2.732103298844316421e-04,-0.000000000000000000e+00,4.364197940154564766e-05
0.000000000000000000e+00,1.397969340156763792e+04,1.425629956462159398e-01,9.380437551990996603e-01,0.000000000000000000e+00,0.000000000000000000e+00,1.550974405831145209e+00,1.601239199607846012e-02,4.556768882490694523e+03,3.497662058526320307e-04,-0.000000000000000000e+00,5.309170951586413554e-05
0.000000000000000000e+00,2.090285037694498897e+04,2.534110151171483083e-01,9.867143750432287863e-01,0.000000000000000000e+00,0.000000000000000000e+00,1.639608901823288667e+00,1.810023975246654454e-02,1.008102322696149349e+04,2.456449393822419101e-04,-0.000000000000000000e+00,5.405482710182032974e-05
0.000000000000000000e+00,1.634996915978565812e+04,2.357015630395305761e-01,1.585912453371985942e+00,0.000000000000000000e+00,0.000000000000000000e+00,1.170285451485982842e+00,1.317470490887151686e-02,8.693468895286321640e+03,2.963600794340619232e-05,-0.000000000000000000e+00,3.573322179879442374e-05
0.000000000000000000e+00,-2.265000144093483686e+04,-2.397956238644441962e-01,-6.078259923107515693e-04,0.000000000000000000e+00,0.000000000000000000e+00,-2.114421816145545918e+00,-2.264130236601731919e-02,-8.943584192067384720e+03,-4.970834665286639510e-04,-0.000000000000000000e+00,-7.348099074319335814e-05
0.000000000000000000e+00,-2.151483601626008749e+04,-2.377570056418357169e-01,-2.767549426058714124e-01,0.000000000000000000e+00,0.000000000000000000e+00,-1.845959711452755725e+00,-2.006038181959102565e-02,-9.363074534676969051e+03,-3.923996509384919461e-04,-0.000000000000000000e+00,-6.323804529789119077e-05
0.000000000000000000e+00,-8.226327403333038092e+03,-2.885843784689903768e-01,-2.406719488387527583e+00,0.000000000000000000e+00,0.000000000000000000e+00,-4.435541595621440569e-01,-5.712588776001776940e-03,-4.969660355571657419e+03,2.915151350157573124e-04,-0.000000000000000000e+00,-5.527515131998236752e-06
0.000000000000000000e+00,-7.083628394484519958e+03,-3.043817803851300852e-01,-2.563140001016681602e+00,0.000000000000000000e+00,0.000000000000000000e+00,-3.470818307019367666e-01,-4.953798181505154365e-03,-3.987820323839783669e+03,2.530386279259765406e-04,-0.000000000000000000e+00,-3.878839282217445017e-07
0.000000000000000000e+00,-1.181854083786159754e+04,-2.222995854775913771e-01,-1.857519838887367269e+00,0.000000000000000000e+00,0.000000000000000000e+00,-7.706722279860727109e-01,-8.924044038803563561e-03,-6.816985365387052298e+03,1.353189289192412181e-04,-0.000000000000000000e+00,-2.048866513109262629e-05
0.000000000000000000e+00,-9.835161044798791409e+03,-2.553268894302779812e-01,-2.198053760653486677e+00,0.000000000000000000e+00,0.000000000000000000e+00,-5.834663668567379169e-01,-7.033026244983918950e-03,-5.957927784718573093e+03,2.521086656758758236e-04,-0.000000000000000000e+00,-1.212993416623811722e-05
0.000000000000000000e+00,5.758384958267968614e+03,2.642374515709114413e-01,2.473700123131103989e+00,0.000000000000000000e+00,0.000000000000000000e+00,2.564450929260685408e-01,4.201724855522808409e-03,2.810907385618600529e+03,-1.541917862490291822e-04,-0.000000000000000000e+00,-3.605425324276336231e-06
0.000000000000000000e+00,5.771843552327714860e+03,2.476803784911378592e-01,2.857780883765946189e+00,0.000000000000000000e+00,0.000000000000000000e+00,2.340505257729450506e-01,4.650815759823502711e-03,2.297141885467804968e+03,-8.288652506102203743e-05,-0.000000000000000000e+00,-7.860424199369667582e-06
0.000000000000000000e+00,1.187192992202937603e+03,9.775388479233836081e-03,2.790353301842075417e+00,0.000000000000000000e+00,0.000000000000000000e+00,3.767247606445455199e-01,2.434190967454548469e-03,1.774858306050300598e+02,2.093818275264550075e-05,-0.000000000000000000e+00,6.845042698877096041e-06
0.000000000000000000e+00,1.833883006326854229e+03,1.547553471495194746e-02,2.769925175730558742e+00,0.000000000000000000e+00,0.000000000000000000e+00,5.090959434622638335e-01,3.565252001211634183e-03,2.912762345857918262e+02,3.398286693314583000e-05,-0.000000000000000000e+00,1.024883678720678082e-05
0.000000000000000000e+00,-2.623159562833607197e+03,-2.296642887605123209e-02,-2.387068734673339243e+00,0.000000000000000000e+00,0.000000000000000000e+00,-6.317643024039198973e-01,-4.838096312200225804e-03,-4.469964264482259750e+02,-5.100541514932122137e-05,-0.000000000000000000e+00,-1.423117556856023066e-05
0.000000000000000000e+00,-4.218851623401045799e+03,-3.832899746241641425e-02,-2.113022474970215114e+00,0.000000000000000000e+00,0.000000000000000000e+00,-8.735032745772349783e-01,-7.297655344853636213e-03,-7.803135444149374962e+02,-8.647362812373740018e-05,-0.000000000000000000e+00,-2.191604523816738037e-05
0.000000000000000000e+00,6.841660092580481432e+03,6.491497366030278549e-02,1.641918642219891700e+00,0.000000000000000000e+00,0.000000000000000000e+00,1.206381685788957991e+00,1.099696519603085218e-02,1.392193641059915535e+03,1.482487652995158919e-04,-0.000000000000000000e+00,3.362784479455773541e-05
0.000000000000000000e+00,1.105824633477255702e+04,1.108693134189388668e-01,9.941872865546255156e-01,0.000000000000000000e+00,0.000000000000000000e+00,1.643122093123453142e+00,1.632722991141806468e-02,2.512126899458467960e+03,2.517649257258324402e-04,-0.000000000000000000e+00,5.049586037751612957e-05
0.000000000000000000e+00,-1.780873316339403391e+04,-1.923491807639264028e-01,-3.346979184094871496e-01,0.000000000000000000e+00,0.000000000000000000e+00,-2.204975172955311091e+00,-2.394040520606947539e-02,-4.574184023134410381e+03,-4.168757667531184448e-04,-0.000000000000000000e+00,-7.329850099148102276e-05
0.000000000000000000e+00,2.377742457418143749e+04,2.887625760545214360e-01,1.840852458177606613e-04,0.000000000000000000e+00,0.000000000000000000e+00,2.435273979433372649e+00,2.896937069669994202e-02,6.904477748423814774e+03,5.424926917475682937e-04,-0.000000000000000000e+00,8.460288495648703828e-05
0.000000000000000000e+00,-5.914921532198786736e+02,-4.641069656147437002e-03,-2.939716783062074068e+00,0.000000000000000000e+00,0.000000000000000000e+00,-2.400947231074075094e-01,-1.311491535807168514e-03,-8.016274846345186234e+01,-9.638860771414310336e-06,-0.000000000000000000e+00,-3.527809869589407913e-06
0.000000000000000000e+00,8.236351429745554924e+02,6.585766674453612593e-03,2.869141850881912426e+00,0.000000000000000000e+00,0.000000000000000000e+00,2.966426091543353238e-01,1.751475891799000482e-03,1.168424902483820915e+02,1.389685546518486452e-05,-0.000000000000000000e+00,4.838935595881012527e-06
0.000000000000000000e+00,-1.716239710462838411e+04,-3.220869514859140414e-01,-1.880980328997866158e+00,0.000000000000000000e+00,0.000000000000000000e+00,-7.792868478139221011e-01,-2.456289032343523734e-02,-3.363665184423327446e+03,-1.821913032927255469e-04,-0.000000000000000000e+00,8.407173471842582384e-06
0.000000000000000000e+00,1.543435941706597805e+04,2.052301946563395152e-01,2.255770606498586961e+00,0.000000000000000000e+00,0.000000000000000000e+00,5.981005966815782227e-01,3.084847657112799180e-02,1.973587996594607830e+03,1.399373373284468853e-04,-0.000000000000000000e+00,-2.690879365728630131e-05
0.000000000000000000e+00,1.395245982376486063e+04,1.246600213940554785e-01,2.658936584215795484e+00,0.000000000000000000e+00,0.000000000000000000e+00,4.895426186287285542e-01,4.007535382814114699e-02,1.180302136294543743e+03,1.009200254109815222e-04,-0.000000000000000000e+00,-3.672289441875022326e-05
0.000000000000000000e+00,9.491634323755279183e+03,6.011242570389955381e-02,2.416318500711460260e+00,0.000000000000000000e+00,0.000000000000000000e+00,3.266729573659510888e-01,3.722101087648420348e-02,5.765174658782780170e+02,5.535969031342948243e-05,-0.000000000000000000e+00,-2.668004751627290420e-05
0.000000000000000000e+00,-2.041072143588960171e+04,-2.492754126732518172e-01,-2.603363674037165632e-04,0.000000000000000000e+00,0.000000000000000000e+00,-2.076249649809595255e+00,-2.480006139616433916e-02,-5.951439621120691299e+03,-4.644288377511189840e-04,-0.000000000000000000e+00,-7.216551477924213961e-05
0.000000000000000000e+00,2.377400212841760367e+04,3.536795424729065607e-01,2.990559485934419226e-01,0.000000000000000000e+00,0.000000000000000000e+00,1.982095000652043915e+00,2.651886398798445482e-02,7.616126951610669494e+03,4.723199594962354639e-04,-0.000000000000000000e+00,6.716037064805441780e-05
0.000000000000000000e+00,2.359712324850447476e+04,4.506526915040304782e-01,9.644550443531825223e-01,0.000000000000000000e+00,0.000000000000000000e+00,1.597681325849421796e+00,2.536232708129645963e-02,7.597990460446104407e+03,3.573894981164474523e-04,-0.000000000000000000e+00,4.504212874023281625e-05
0.000000000000000000e+00,-2.108694104914553463e+04,-4.562146970499643683e-01,-1.576470812709807046e+00,0.000000000000000000e+00,0.000000000000000000e+00,-1.160985841241780836e+00,-2.427585723842247412e-02,-5.782900626186281443e+03,-2.505221380783683306e-04,-0.000000000000000000e+00,-1.663263596163232037e-05
0.000000000000000000e+00,-7.902733846873044968e+03,-3.898550707456133885e-02,-2.807333940235920533e+00,0.000000000000000000e+00,0.000000000000000000e+00,-2.906679458827837736e-01,-3.870937348797252181e-02,-3.828391877338290215e+02,-3.953316478763301803e-05,-0.000000000000000000e+00,1.736228573624349795e-05
0.000000000000000000e+00,-5.610144024604931474e+03,-2.366204977734085585e-02,-2.889715502635572086e+00,0.000000000000000000e+00,0.000000000000000000e+00,-2.365087738231003989e-01,-3.144684666256135352e-02,-2.383190795965492725e+02,-2.589745160577149911e-05,-0.000000000000000000e+00,5.946406102914239767e-06
0.000000000000000000e+00,-8.952240106165409088e+02,-7.628145374668045958e-03,-2.988940083112062940e+00,0.000000000000000000e+00,0.000000000000000000e+00,-2.437171166523032229e-01,-1.723641153303027539e-03,-1.455123040080070496e+02,-1.696531757345996866e-05,-0.000000000000000000e+00,-5.013873810369171733e-06
0.000000000000000000e+00,-1.161625277385115623e+03,-1.011127817692425088e-02,-2.784789695500279993e+00,0.000000000000000000e+00,0.000000000000000000e+00,-2.873792920225767822e-01,-2.137027582395462696e-03,-1.985611167401075363e+02,-2.271618650285290949e-05,-0.000000000000000000e+00,-6.373408414959004843e-06
0.000000000000000000e+00,2.076333881952241063e+04,2.242011851214193996e-01,3.492942635079953617e-01,0.000000000000000000e+00,0.000000000000000000e+00,2.299223263728279232e+00,2.457837968494570521e-02,6.394610507205128670e+03,5.076533420301240036e-04,-0.000000000000000000e+00,7.882502875480382741e-05
0.000000000000000000e+00,2.296603385837376118e+04,2.665698163061402393e-01,6.422143162304182629e-04,0.000000000000000000e+00,0.000000000000000000e+00,2.225194888586228714e+00,2.485658604774302824e-02,7.994612092860043049e+03,5.283180645337625086e-04,-0.000000000000000000e+00,7.746518592936499413e-05
0.000000000000000000e+00,-8.471421156894881278e+03,-8.429518359400063610e-02,-1.653115232798452849e+00,0.000000000000000000e+00,0.000000000000000000e+00,-1.212337314604357008e+00,-1.181635050660445434e-02,-2.090046385798603296e+03,-2.027271329792903793e-04,-0.000000000000000000e+00,-3.787358352870311503e-05
0.000000000000000000e+00,1.401304867862164974e+04,1.444542078569878152e-01,1.073167400101264768e+00,0.000000000000000000e+00,0.000000000000000000e+00,1.769194950291314017e+00,1.807547396660816319e-02,3.839552661642432213e+03,3.436733069003986094e-04,-0.000000000000000000e+00,5.833662076940720353e-05
0.000000000000000000e+00,3.471107401795685291e+03,3.253804741134736639e-02,2.376098711736470914e+00,0.000000000000000000e+00,0.000000000000000000e+00,6.275194342315457696e-01,5.511199479205720723e-03,7.191365338899195194e+02,7.663061699910564601e-05,-0.000000000000000000e+00,1.719181179354366406e-05
0.000000000000000000e+00,-5.311673926658928394e+03,-5.124061698626966588e-02,-2.076358030177571923e+00,0.000000000000000000e+00,0.000000000000000000e+00,-8.567103171720769073e-01,-7.936967914879439201e-03,-1.194301237203180790e+03,-1.223950090528612400e-04,-0.000000000000000000e+00,-2.519181540996386445e-05
0.000000000000000000e+00,-1.729976440992206335e+03,-1.537785765924723838e-02,-2.873085420092360565e+00,0.000000000000000000e+00,0.000000000000000000e+00,-3.871099401499758508e-01,-3.047016201645155048e-03,-3.128980297446250916e+02,-3.511905515106868272e-05,-0.000000000000000000e+00,-9.179902862377581439e-06
0.000000000000000000e+00,2.454271981224417686e+03,2.238879255729750092e-02,2.698391299207026695e+00,0.000000000000000000e+00,0.000000000000000000e+00,4.947836179643240739e-01,4.107810412683067340e-03,4.730874433815479279e+02,5.188123196199306391e-05,-0.000000000000000000e+00,1.264317674768762808e-05
0.000000000000000000e+00,8.623572100838646293e+03,1.187922360462441845e-01,2.639663032914977947e+00,0.000000000000000000e+00,0.000000000000000000e+00,2.729572589260063631e-01,1.745925013204100915e-02,1.041890836745500565e+03,6.495321600500293289e-05,-0.000000000000000000e+00,-3.153521464406666258e-05
0.000000000000000000e+00,8.138216398082673550e+03,7.936520685362154215e-02,2.943646795613317657e+00,0.000000000000000000e+00,0.000000000000000000e+00,2.404307605492519706e-01,2.228137021889688499e-02,7.048640760034322739e+02,5.423677462946207667e-05,-0.000000000000000000e+00,-3.579364067061743636e-05
0.000000000000000000e+00,1.134963283623242751e+04,3.051720755527124185e-01,2.461075554359887896e+00,0.000000000000000000e+00,0.000000000000000000e+00,4.524580950699114701e-01,1.281348385123721144e-02,2.871383959852159023e+03,5.967251265197128277e-05,-0.000000000000000000e+00,-1.707036162215039407e-05
0.000000000000000000e+00,-1.100811007843166590e+04,-2.170224020711191970e-01,-2.860097712116564939e+00,0.000000000000000000e+00,0.000000000000000000e+00,-3.863342421438720753e-01,-1.635619721306998814e-02,-1.924000357516109943e+03,-8.315943931842211640e-05,-0.000000000000000000e+00,2.896886191226659987e-05
0.000000000000000000e+00,-1.597862876901397249e+04,-4.862275054660730733e-01,-2.063160109160236733e+00,0.000000000000000000e+00,0.000000000000000000e+00,-8.529165032022696380e-01,-1.356953193156888206e-02,-6.817221200121508446e+03,4.177616175194912983e-05,-0.000000000000000000e+00,-9.633226004666950606e-06
0.000000000000000000e+00,1.213794071466289461e+04,3.876946952002777169e-01,2.107827331939426063e+00,0.000000000000000000e+00,0.000000000000000000e+00,5.579104499332792066e-01,1.128180399686076057e-02,4.215238553998991847e+03,4.101972583658251362e-06,-0.000000000000000000e+00,-4.815295132616801771e-06
0.000000000000000000e+00,-2.258136854822840542e+04,-3.857271483542875079e-01,-9.863944850402908138e-01,0.000000000000000000e+00,0.000000000000000000e+00,-1.631305388390456912e+00,-2.033253792677295474e-02,-9.906599388178437948e+03,-2.523818704233840669e-04,-0.000000000000000000e+00,-5.011455408196143255e-05
0.000000000000000000e+00,1.806478932312875986e+04,4.257387598354345770e-01,1.526943511897638883e+00,0.000000000000000000e+00,0.000000000000000000e+00,1.122395248747525498e+00,1.531885782157785952e-02,8.260162799343466759e+03,3.581016568371645935e-05,-0.000000000000000000e+00,2.670795224911743247e-05
0.000000000000000000e+00,-2.484903331221640110e+04,-2.899613528876279211e-01,-5.044088927012037836e-04,0.000000000000000000e+00,0.000000000000000000e+00,-2.390257912110730576e+00,-2.675681123927320382e-02,-8.707543658733367920e+03,-5.680460492847090202e-04,-0.000000000000000000e+00,-8.322848293112503168e-05
0.000000000000000000e+00,2.301838436958380044e+04,3.077832222081930968e-01,2.906073621408955532e-01,0.000000000000000000e+00,0.000000000000000000e+00,1.926706991882349174e+00,2.257798709247061872e-02,9.110986839005723596e+03,4.325749478488916284e-04,-0.000000000000000000e+00,6.542317751258038656e-05
9.569584826136547095e-03,2.405631542205810547e-02,0.000000000000000000e+00,0.000000000000000000e+00,3.242778369109066805e+00,2.648199570779616874e-01,0.000000000000000000e+00,0.000000000000000000e+00,3.624975275173783302e+02,4.209957928949113661e-05,-3.454610705375671387e-04,-5.221802275286733683e-09
-1.123572700589212277e-02,-2.967048384016379714e-02,0.000000000000000000e+00,0.000000000000000000e+00,-2.806050277102272172e+00,-2.898862682924431833e-01,0.000000000000000000e+00,0.000000000000000000e+00,-4.449182806877070107e+02,-5.120234748820526538e-05,-1.479031052440404892e-04,5.034983683116874629e-09
7.185434720696959321e-02,2.737696692347526550e-01,0.000000000000000000e+00,0.000000000000000000e+00,1.853292275160231428e+00,1.360797024306585001e+00,0.000000000000000000e+00,0.000000000000000000e+00,4.123218744635581970e+03,4.318192099686279949e-04,2.701282501220703125e-04,-5.591465016254640411e-09
9.504049575042296250e-02,3.824119269847869873e-01,0.000000000000000000e+00,0.000000000000000000e+00,1.052893961721119043e+00,1.738761707079717667e+00,0.000000000000000000e+00,0.000000000000000000e+00,6.210018843725323677e+03,6.269934306952253122e-04,-3.760308027267456055e-05,2.039668535458213265e-08
1.284332901985330566e-01,5.093488097190856934e-01,0.000000000000000000e+00,0.000000000000000000e+00,3.521480840866236250e-01,2.324504541545353131e+00,0.000000000000000000e+00,0.000000000000000000e+00,9.905274337247014046e+03,9.528837508923740677e-04,-8.933246135711669922e-06,-6.454382254541419106e-08
1.294156865336782425e-01,4.476547986268997192e-01,0.000000000000000000e+00,0.000000000000000000e+00,4.345409565617028638e-04,2.401296657909176790e+00,0.000000000000000000e+00,0.000000000000000000e+00,1.229178588185086846e+04,1.110894726995621980e-03,-4.833266139030456543e-04,-7.812475629566603335e-09
1.700567911135692292e-02,4.786646866705268621e-02,0.000000000000000000e+00,0.000000000000000000e+00,3.033914439864830559e+00,4.093364633141309272e-01,0.000000000000000000e+00,0.000000000000000000e+00,7.086128859539749101e+02,8.054516769991119051e-05,-1.871803542599081993e-04,-6.226893965594116657e-09
2.263167669729981499e-02,6.909538060426712036e-02,0.000000000000000000e+00,0.000000000000000000e+00,2.771900491019212431e+00,5.090371481481579252e-01,0.000000000000000000e+00,0.000000000000000000e+00,1.000732884200289845e+03,1.122464570747000245e-04,-2.442430704832077026e-04,1.086371032630409450e-08
3.368148416612416762e-02,1.104995571076869965e-01,0.000000000000000000e+00,0.000000000000000000e+00,2.688345368953399372e+00,7.109310088595149901e-01,0.000000000000000000e+00,0.000000000000000000e+00,1.599732910250779241e+03,1.762607822443743066e-04,-5.639381706714630127e-04,3.482472074500342078e-08
-4.774396194693269341e-02,-1.688606813549995422e-01,0.000000000000000000e+00,0.000000000000000000e+00,-2.299747179131699237e+00,-9.499863872418160549e-01,0.000000000000000000e+00,0.000000000000000000e+00,-2.468803127910941839e+03,-2.658538805077811928e-04,3.554299473762512207e-05,2.634592928907862727e-08
2.073497609520940504e-02,4.104655049741268158e-02,0.000000000000000000e+00,0.000000000000000000e+00,2.595561299588493132e+00,6.860244513945388256e-01,0.000000000000000000e+00,0.000000000000000000e+00,6.935490422714501619e+02,8.243787712675384831e-05,-9.703412652015686035e-04,7.348551418124801507e-08
-3.582248467200360720e-02,-7.462660223245620728e-02,0.000000000000000000e+00,0.000000000000000000e+00,-2.451934741975981602e+00,-1.012701150531596594e+00,0.000000000000000000e+00,0.000000000000000000e+00,-1.274967043101787567e+03,-1.491092931656244787e-04,3.871545195579528809e-04,-1.099026039597197264e-08
8.532822235843460015e-03,1.434551179409027100e-02,0.000000000000000000e+00,0.000000000000000000e+00,2.821698038146184473e+00,3.806686980070967397e-01,0.000000000000000000e+00,0.000000000000000000e+00,2.622213640436530113e+02,3.172153476473390892e-05,-3.549270331859588623e-05,4.740368388870904650e-08
1.339574886552496839e-02,2.288229763507843018e-02,0.000000000000000000e+00,0.000000000000000000e+00,2.816302331081974142e+00,5.168433664994994681e-01,0.000000000000000000e+00,0.000000000000000000e+00,4.280145150162279606e+02,5.134559811218313030e-05,-8.675232529640197754e-04,-1.510256875377089877e-09
-1.364811145629223621e-01,-2.851622253656387329e-01,0.000000000000000000e+00,0.000000000000000000e+00,-3.427525467259753822e-01,-2.257953430708282028e+00,0.000000000000000000e+00,0.000000000000000000e+00,-6.346280861768871546e+03,-6.739001080142635039e-04,8.980892598628997803e-04,5.643248141665192322e-08
1.964289913512544672e-01,3.208694346249103546e-01,0.000000000000000000e+00,0.000000000000000000e+00,7.307816355855005800e-04,2.599791265933306228e+00,0.000000000000000000e+00,0.000000000000000000e+00,1.002594226375222206e+04,9.926898324769028916e-04,-6.866306066513061523e-04,4.923391901216744961e-08
5.172928495033331936e-02,1.140515836887061596e-01,0.000000000000000000e+00,0.000000000000000000e+00,1.684478707551412935e+00,1.236415573256002043e+00,0.000000000000000000e+00,0.000000000000000000e+00,1.981470400807447731e+03,2.269247529362721796e-04,-4.294905811548233032e-04,-1.980416933158920295e-08
8.569544197177959843e-02,1.921400545397773385e-01,0.000000000000000000e+00,0.000000000000000000e+00,1.039526749279687357e+00,1.716048391452229760e+00,0.000000000000000000e+00,0.000000000000000000e+00,3.591711624824150931e+03,3.992974077224927670e-04,-1.341898983810096979e-03,-9.622930983457103145e-08
-6.035810549700768371e-03,-9.098552167415618896e-03,0.000000000000000000e+00,0.000000000000000000e+00,-3.000653491396566341e+00,-3.099180750149878594e-01,0.000000000000000000e+00,0.000000000000000000e+00,-1.803204604610800743e+02,-2.179640255210253859e-05,-4.930049180984497070e-04,7.868860575692351160e-08
3.386911289500194600e-01,2.661237120628356934e-02,0.000000000000000000e+00,0.000000000000000000e+00,2.943788731003267323e+00,3.042319912570439766e-01,0.000000000000000000e+00,0.000000000000000000e+00,7.111327658228576183e+03,-2.371323687204417987e-04,5.875863134860992432e-04,-6.545280856031134388e-08
-3.660732810793617120e-01,-2.063668519258499146e-02,0.000000000000000000e+00,0.000000000000000000e+00,-3.009405142284666823e+00,-2.461214496857592193e-01,0.000000000000000000e+00,0.000000000000000000e+00,-5.430085614442825317e+03,1.342046952072385290e-04,4.059746861457824707e-04,-3.178189322072638536e-08
-1.161025217375984131e-01,-3.959555178880691528e-01,0.000000000000000000e+00,0.000000000000000000e+00,-3.368631820521172677e-04,-2.161076345177458613e+00,0.000000000000000000e+00,0.000000000000000000e+00,-1.120320150299370289e+04,-1.007517234276233053e-03,6.436705589294433594e-04,5.526230414907362948e-09
-1.045439856009053731e-01,-2.889605878735892475e-01,0.000000000000000000e+00,0.000000000000000000e+00,-3.193699683228560238e-01,-2.117081707630598331e+00,0.000000000000000000e+00,0.000000000000000000e+00,-1.335589612523152027e+04,-1.099960698873702269e-03,1.099269313272088766e-03,-4.659978357882863405e-08
6.285948070341894345e-02,1.604828462004661560e-01,0.000000000000000000e+00,0.000000000000000000e+00,9.110730706825861391e-01,1.508735019519033438e+00,0.000000000000000000e+00,0.000000000000000000e+00,1.181176745883375406e+04,8.517856537753489389e-04,-9.895116090774536133e-05,-2.259544540619425057e-08
-3.700260273655515963e-02,-1.042554292362183332e-01,0.000000000000000000e+00,0.000000000000000000e+00,-1.508659277421309008e+00,-1.109839417624470137e+00,0.000000000000000000e+00,0.000000000000000000e+00,-1.091153548843553290e+04,-6.388702757571398201e-04,-2.825120463967323303e-05,7.775907589954781448e-09
-2.996718433479913027e-02,-7.491951249539852142e-02,0.000000000000000000e+00,0.000000000000000000e+00,-1.996118786143862289e+00,-8.257586220872035199e-01,0.000000000000000000e+00,0.000000000000000000e+00,-1.026606659642420709e+04,-4.200369737891813319e-04,1.212731003761291504e-04,2.123411558583090619e-09
4.826474026144243756e-02,5.146070197224617004e-02,0.000000000000000000e+00,0.000000000000000000e+00,2.132520787717801181e+00,5.644451102120002783e-01,0.000000000000000000e+00,0.000000000000000000e+00,8.833665524790994823e+03,1.686750740958287500e-04,-1.303688623011112213e-04,3.305946737560024918e-09
1.096262743287537422e-01,4.087809694465249777e-02,0.000000000000000000e+00,0.000000000000000000e+00,2.355369228446070551e+00,4.328332059288255151e-01,0.000000000000000000e+00,0.000000000000000000e+00,8.306443090539309196e+03,-4.085699254436503261e-05,-3.554502036422491074e-04,1.959142203976804671e-08
2.209357542129234964e-01,3.286385536193847656e-02,0.000000000000000000e+00,0.000000000000000000e+00,2.658441012937104109e+00,3.585512532887524806e-01,0.000000000000000000e+00,0.000000000000000000e+00,7.963850664403289557e+03,-2.010998594531017251e-04,5.429983139038085938e-04,-3.855187946519676584e-08
-6.355214910760462188e-02,-4.389941692352294922e-03,0.000000000000000000e+00,0.000000000000000000e+00,-2.898240143068008923e+00,-2.997933184700297127e-01,0.000000000000000000e+00,0.000000000000000000e+00,-8.671916956156492233e+02,-9.133509845234225868e-05,7.027275860309600830e-04,7.414215859868552799e-08
-2.727772949017369664e-01,-1.285818880423903465e-01,0.000000000000000000e+00,0.000000000000000000e+00,-9.207425858009251618e-01,-1.522786325545886443e+00,0.000000000000000000e+00,0.000000000000000000e+00,-1.124558628226723522e+04,-8.439520768650171992e-04,4.411702975630760193e-04,4.760924873714057946e-08
4.003006655109262457e-01,7.848631590604782104e-02,0.000000000000000000e+00,0.000000000000000000e+00,1.609707058148672765e+00,1.183311810412268628e+00,0.000000000000000000e+00,0.000000000000000000e+00,1.073433903274685144e+04,6.826782619732890212e-04,2.136439085006713867e-03,-9.096687025856615244e-08
-1.745666112984605445e-01,-2.817514240741729736e-01,0.000000000000000000e+00,0.000000000000000000e+00,-5.802519223973429119e-04,-2.292638465772920409e+00,0.000000000000000000e+00,0.000000000000000000e+00,-8.926197110921144485e+03,-8.813692611971385817e-04,2.104938030242919922e-04,7.178840315705062546e-09
-2.085360372243087734e-01,-2.081714272499084473e-01,0.000000000000000000e+00,0.000000000000000000e+00,-2.988051165956520649e-01,-1.976320021321201548e+00,0.000000000000000000e+00,0.000000000000000000e+00,-1.070305489021539688e+04,-9.462055133846376288e-04,6.623119115829467773e-04,-6.625104746129333629e-08
-2.196706959105144963e-01,-1.400280371308326721e-02,0.000000000000000000e+00,0.000000000000000000e+00,-2.858256442056652968e+00,-5.257842857678020065e-01,0.000000000000000000e+00,0.000000000000000000e+00,-2.931214458048343658e+03,-2.558381049412575465e-04,-6.372593343257904053e-04,4.283536543970928186e-08
-1.076964113804664003e-01,-6.738923490047454834e-03,0.000000000000000000e+00,0.000000000000000000e+00,-2.656802285702436706e+00,-3.590359110764887451e-01,0.000000000000000000e+00,0.000000000000000000e+00,-1.432923354677855968e+03,-1.403361002528169998e-04,2.408772706985473633e-05,-1.185904369143416546e-08
-4.576440740895899029e-01,-4.693876579403877258e-02,0.000000000000000000e+00,0.000000000000000000e+00,-2.170003184076025438e+00,-8.978875708404031597e-01,0.000000000000000000e+00,0.000000000000000000e+00,-8.219567952161654830e+03,-5.178237601961831757e-04,3.192964941263198853e-04,-5.803932595758971460e-08
3.324839376701051452e-01,2.265100553631782532e-02,0.000000000000000000e+00,0.000000000000000000e+00,2.388943998585650430e+00,6.329407818195761370e-01,0.000000000000000000e+00,0.000000000000000000e+00,4.783866774333640933e+03,3.528659328229307194e-04,7.107779383659362793e-04,-3.522238632356516969e-08
-1.126860903406153025e-02,-3.334103524684906006e-02,0.000000000000000000e+00,0.000000000000000000e+00,-3.255403764880620887e+00,-2.663091685539843989e-01,0.000000000000000000e+00,0.000000000000000000e+00,-4.818859177380800247e+02,-5.459636159791623209e-05,-6.382167339324951172e-05,1.208913472719394299e-08
1.462361720739417323e-02,4.604636225849390030e-02,0.000000000000000000e+00,0.000000000000000000e+00,3.183700706563101779e+00,3.295932973237107877e-01,0.000000000000000000e+00,0.000000000000000000e+00,6.573573185624554753e+02,7.350712528559798979e-05,6.161723285913467407e-04,-2.892332816052620238e-08
3.269769212564040822e-02,1.284688264131546021e-01,0.000000000000000000e+00,0.000000000000000000e+00,2.449852573416110069e+00,6.490807120390704732e-01,0.000000000000000000e+00,0.000000000000000000e+00,1.785069595053792000e+03,1.903246685341634015e-04,1.094751060009002686e-03,-4.123635916482485399e-08
4.555622714152175040e-02,1.946334168314933777e-01,0.000000000000000000e+00,0.000000000000000000e+00,2.118176602321435453e+00,8.768831486039238010e-01,0.000000000000000000e+00,0.000000000000000000e+00,2.714299243217334151e+03,2.830529044979440993e-04,3.429781645536422729e-04,4.459467689774942803e-08
-1.875927145730095849e-02,-6.332017481327056885e-02,0.000000000000000000e+00,0.000000000000000000e+00,-2.980896735248784069e+00,-4.029760320532351225e-01,0.000000000000000000e+00,0.000000000000000000e+00,-8.901533654108643532e+02,-9.835282084374912860e-05,3.169700503349304199e-04,4.162447975811195108e-08
2.334600361033029037e-02,8.531132712960243225e-02,0.000000000000000000e+00,0.000000000000000000e+00,2.610587142953963546e+00,4.805164452837112909e-01,0.000000000000000000e+00,0.000000000000000000e+00,1.180599042108282447e+03,1.283669786237443347e-04,-5.729310214519500732e-04,5.809861864757396001e-08
1.107615984773488993e-01,5.321956276893615723e-01,0.000000000000000000e+00,0.000000000000000000e+00,3.235447746415688330e-01,2.139228088482985957e+00,0.000000000000000000e+00,0.000000000000000000e+00,9.847795322552323341e+03,9.241686939391425366e-04,8.220970630645751953e-05,-5.297150768315759989e-08
-1.032732338469121158e-01,-4.199434518814086914e-01,0.000000000000000000e+00,0.000000000000000000e+00,-7.748086324744034564e-04,-2.118529527592024397e+00,0.000000000000000000e+00,0.000000000000000000e+00,-1.124023111467156559e+04,-1.001477594759544532e-03,7.760729640722274780e-04,-5.246897369022072148e-09
7.664413530544506026e-02,3.543657064437866211e-01,0.000000000000000000e+00,0.000000000000000000e+00,1.968750572558383372e+00,1.448193034358526088e+00,0.000000000000000000e+00,0.000000000000000000e+00,5.078302514612674713e+03,5.151084163961103159e-04,-8.431077003479003906e-05,3.820421443863665816e-08
9.199080635995485200e-02,4.504033401608467102e-01,0.000000000000000000e+00,0.000000000000000000e+00,1.048706818263852591e+00,1.735280777084108328e+00,0.000000000000000000e+00,0.000000000000000000e+00,6.944342230528593063e+03,6.803777846050775447e-04,-9.029433131217956543e-04,-5.264584037100529704e-08
-4.989215558671553780e-02,-1.343340482562780380e-01,0.000000000000000000e+00,0.000000000000000000e+00,-9.123007781390708448e-01,-1.514427159212860419e+00,0.000000000000000000e+00,0.000000000000000000e+00,-1.116263104890845716e+04,-8.401177059134494734e-04,-2.915076911449432373e-04,2.396853262563762696e-08
2.493878910548744110e-02,9.973531216382980347e-02,0.000000000000000000e+00,0.000000000000000000e+00,1.756671352571331557e+00,1.295221168673216017e+00,0.000000000000000000e+00,0.000000000000000000e+00,1.136329485246166587e+04,7.476401142393313643e-04,-1.389756798744201660e-04,-1.369269225333516337e-08
-1.000963763511193011e-01,-3.975469172000885010e-01,0.000000000000000000e+00,0.000000000000000000e+00,-5.837832705105361081e-04,-2.069082819906485238e+00,0.000000000000000000e+00,0.000000000000000000e+00,-1.112344441263377666e+04,-9.856912652204954332e-04,6.693452596664428711e-04,7.821072437496089826e-09
-8.355135225910946539e-02,-2.501552328467369080e-01,0.000000000000000000e+00,0.000000000000000000e+00,-2.954567368851354070e-01,-1.963930847260211943e+00,0.000000000000000000e+00,0.000000000000000000e+00,-1.226901427596062422e+04,-1.015864071795806282e-03,5.989894270896911621e-04,3.107493219217216509e-09
-6.742112473063729440e-03,3.852614760398864746e-02,0.000000000000000000e+00,0.000000000000000000e+00,2.482008912766074271e+00,4.571421745416708315e-01,0.000000000000000000e+00,0.000000000000000000e+00,7.056716938756406307e+03,1.453618302517258151e-04,-1.612305641174316406e-05,-7.086803901401150873e-09
-1.031093074438643384e-02,-3.085075318813323975e-02,0.000000000000000000e+00,0.000000000000000000e+00,-2.547851419467544787e+00,-3.446636508016235334e-01,0.000000000000000000e+00,0.000000000000000000e+00,-6.418950792178511620e+03,6.448479724907585534e-06,4.051625728607177734e-05,8.546238471077454920e-10
1.925381263399819848e-03,6.600323929160367697e-02,0.000000000000000000e+00,0.000000000000000000e+00,2.077986195774122802e+00,8.615547646531088732e-01,0.000000000000000000e+00,0.000000000000000000e+00,9.075500020760897314e+03,4.886885404588348384e-04,-1.005674275802448392e-04,2.176179603210932024e-09
-8.369677163784353113e-03,4.910396784543991089e-02,0.000000000000000000e+00,0.000000000000000000e+00,2.318368236583812081e+00,6.150235105187730200e-01,0.000000000000000000e+00,0.000000000000000000e+00,7.831922613799571991e+03,3.048626444822292308e-04,-1.944229006767272949e-04,3.714326720122124742e-09
-5.050761260658347823e-02,-2.879522740840911865e-02,0.000000000000000000e+00,0.000000000000000000e+00,-2.780337455077137587e+00,-2.880002242383945532e-01,0.000000000000000000e+00,0.000000000000000000e+00,-6.356889088764786720e+03,1.551998337727156804e-04,7.532015442848205566e-04,-4.151550257524111073e-08
-1.241091856951499484e-01,-2.786768227815628052e-02,0.000000000000000000e+00,0.000000000000000000e+00,-3.125011663734253542e+00,-2.557401133221152145e-01,0.000000000000000000e+00,0.000000000000000000e+00,-6.464334338121116161e+03,2.985794227316592906e-04,1.236744225025177002e-03,-7.234567858871496505e-08
-1.011338331680607973e-02,-1.870676875114440918e-02,0.000000000000000000e+00,0.000000000000000000e+00,-2.786902409501216038e+00,-3.763202181813957159e-01,0.000000000000000000e+00,0.000000000000000000e+00,-3.287474351003766060e+02,-3.934857617091648226e-05,3.633797168731689453e-04,-3.443931826010579582e-08
-1.514159246804042125e-02,-2.994892187416553497e-02,0.000000000000000000e+00,0.000000000000000000e+00,-2.700388355208857671e+00,-4.963901210551591725e-01,0.000000000000000000e+00,0.000000000000000000e+00,-5.148827365934848785e+02,-6.108140046935368970e-05,-1.201307401061058044e-03,-1.619474263175371119e-08
2.376594587674110345e-02,5.176003277301788330e-02,0.000000000000000000e+00,0.000000000000000000e+00,2.580756085339066086e+00,6.825765010897660856e-01,0.000000000000000000e+00,0.000000000000000000e+00,8.532169163688085973e+02,9.999106985935905952e-05,-4.012989811599254608e-04,-2.218731827092419380e-08
3.769388637334416398e-02,8.710099756717681885e-02,0.000000000000000000e+00,0.000000000000000000e+00,2.289157356981635694e+00,9.466171395132568778e-01,0.000000000000000000e+00,0.000000000000000000e+00,1.448562455967068672e+03,1.666672861802523831e-04,6.553903222084045410e-04,-1.341354884291890497e-08
-5.898671187665053411e-02,-1.484286449849605560e-01,0.000000000000000000e+00,0.000000000000000000e+00,-1.753150067086014285e+00,-1.288246367125962299e+00,0.000000000000000000e+00,0.000000000000000000e+00,-2.461374500121921301e+03,-2.768678517561225325e-04,1.404654234647750854e-03,-7.822463097602330191e-08
9.722549351551028340e-02,2.491888850927352905e-01,0.000000000000000000e+00,0.000000000000000000e+00,1.115211212742014624e+00,1.843849607668953006e+00,0.000000000000000000e+00,0.000000000000000000e+00,4.496714237198233604e+03,4.890026474066044458e-04,-1.645833253860473633e-04,-5.321929802936043570e-08
1.505723701620244881e-01,3.672831356525421143e-01,0.000000000000000000e+00,0.000000000000000000e+00,3.747296770161817059e-01,2.471494030933854447e+00,0.000000000000000000e+00,0.000000000000000000e+00,7.884561677217483521e+03,8.166442615009860632e-04,-6.749853491783142090e-04,9.441317884912194584e-09
1.680829148617632440e-01,3.340521082282066345e-01,0.000000000000000000e+00,0.000000000000000000e+00,-1.049461803347986868e-05,2.361825279216780871e+00,0.000000000000000000e+00,0.000000000000000000e+00,1.005194877878576517e+04,9.677878781975298968e-04,-2.835839986801147461e-04,-3.702341758479253011e-08
-5.215362925932633814e-03,-7.883578538894653320e-03,0.000000000000000000e+00,0.000000000000000000e+00,-3.023399919427664173e+00,-2.468680633701413885e-01,0.000000000000000000e+00,0.000000000000000000e+00,-1.587257317975163460e+02,-1.913665424158656991e-05,-3.940910100936889648e-04,5.638798029325223156e-08
-7.587297623015986682e-03,-1.297991722822189331e-02,0.000000000000000000e+00,0.000000000000000000e+00,-3.086096732086341721e+00,-3.189878314115139890e-01,0.000000000000000000e+00,0.000000000000000000e+00,-2.377662134692072868e+02,-2.863943866759461750e-05,-4.592239856719970703e-04,1.868086363077350754e-08
-4.421428956371130647e-01,-5.946781486272811890e-02,0.000000000000000000e+00,0.000000000000000000e+00,-2.105435865177819110e+00,-8.719308018581216624e-01,0.000000000000000000e+00,0.000000000000000000e+00,-1.051360205300897360e+04,-4.552545139751481835e-04,4.197433590888977051e-04,8.612990156176994487e-09
4.382015452226717955e-01,3.264259546995162964e-02,0.000000000000000000e+00,0.000000000000000000e+00,2.334305807176489278e+00,6.187655936466318618e-01,0.000000000000000000e+00,0.000000000000000000e+00,7.110752964921295643e+03,3.349463068526954625e-04,-2.953857183456420898e-04,-5.191410030783079451e-08
-3.549508947373587464e-01,-2.070760633796453476e-02,0.000000000000000000e+00,0.000000000000000000e+00,-2.791069636197980319e+00,-5.141768600523198840e-01,0.000000000000000000e+00,0.000000000000000000e+00,-4.765475462019443512e+03,-2.961516504535934707e-04,1.153293997049331665e-04,-2.844339239431573196e-08
2.181988083122196054e-01,1.233054697513580322e-02,0.000000000000000000e+00,0.000000000000000000e+00,2.964699533428687417e+00,4.012794802696497687e-01,0.000000000000000000e+00,0.000000000000000000e+00,2.759681664653122425e+03,2.163559749908084101e-04,-3.860816359519958496e-04,7.093428500452696093e-08
-1.565672414056693273e-01,-3.076847642660140991e-01,0.000000000000000000e+00,0.000000000000000000e+00,-1.120225905344401202e-04,-2.185950158069072558e+00,0.000000000000000000e+00,0.000000000000000000e+00,-9.402608248382806778e+03,-9.021118406930853876e-04,6.672441959381103516e-04,8.225628104766028648e-09
-1.745124123326138588e-01,-2.322227805852890015e-01,0.000000000000000000e+00,0.000000000000000000e+00,-2.947233307379181766e-01,-1.952854250278409420e+00,0.000000000000000000e+00,0.000000000000000000e+00,-1.142697441977262497e+04,-9.761739548782489466e-04,3.525912761688232422e-04,-2.163361430725997216e-09
-2.108628785393566185e-01,-1.520762704312801361e-01,0.000000000000000000e+00,0.000000000000000000e+00,-9.399334159856216342e-01,-1.556892972314156687e+00,0.000000000000000000e+00,0.000000000000000000e+00,-1.246831588233262300e+04,-8.829702406422557538e-04,-2.768263220787048340e-05,6.216554091645104396e-08
3.068606464651154053e-01,9.531355649232864380e-02,0.000000000000000000e+00,0.000000000000000000e+00,1.583175979775619746e+00,1.164910924986469976e+00,0.000000000000000000e+00,0.000000000000000000e+00,1.219431959691271186e+04,6.601831938883971499e-04,-2.647154033184051514e-04,-1.713318535617394770e-08
1.149797762255189010e-01,6.271865218877792358e-03,0.000000000000000000e+00,0.000000000000000000e+00,2.808471316360956482e+00,2.909109706315292643e-01,0.000000000000000000e+00,0.000000000000000000e+00,1.457938645623624325e+03,1.327958156432176037e-04,1.341253519058227539e-04,-1.351114789764777810e-08
-7.028996943645862694e-02,-4.372559487819671631e-03,0.000000000000000000e+00,0.000000000000000000e+00,-3.023561764883034630e+00,-2.474912100956931649e-01,0.000000000000000000e+00,0.000000000000000000e+00,-9.149704029932618141e+02,-9.153588961688799224e-05,-1.565366983413696289e-04,1.318497489091138996e-08
-7.765291842744502342e-03,-1.791149005293846130e-02,0.000000000000000000e+00,0.000000000000000000e+00,-3.079360787558102164e+00,-2.512182815983638462e-01,0.000000000000000000e+00,0.000000000000000000e+00,-2.687531479373574257e+02,-3.190420944808125228e-05,4.120822995901107788e-04,-6.270865689976093890e-08
9.341363044927221762e-03,2.075702697038650513e-02,0.000000000000000000e+00,0.000000000000000000e+00,2.693115477771240052e+00,2.778754352515390713e-01,0.000000000000000000e+00,0.000000000000000000e+00,3.376572449132800102e+02,3.963502678767377984e-05,-4.604458808898925781e-05,-6.310562714826955852e-09
1.368803243197305730e-01,4.589456170797348022e-01,0.000000000000000000e+00,0.000000000000000000e+00,3.579732553659211725e-01,2.361513903266401648e+00,0.000000000000000000e+00,0.000000000000000000e+00,9.284038678206503391e+03,9.143234252027037561e-04,5.982890725135803223e-04,-6.063632049417067862e-08
1.425565641076294299e-01,4.178292006254196167e-01,0.000000000000000000e+00,0.000000000000000000e+00,6.915819572823995402e-04,2.401498340211788651e+00,0.000000000000000000e+00,0.000000000000000000e+00,1.175845977789163589e+04,1.080743154555909632e-03,-1.174494624137878418e-03,3.822545361116833339e-08
6.597067661621916490e-02,2.161131631582975388e-01,0.000000000000000000e+00,0.000000000000000000e+00,1.746416643357483478e+00,1.281023330533887394e+00,0.000000000000000000e+00,0.000000000000000000e+00,3.375083678791299462e+03,3.625442731610976541e-04,1.577418297529220581e-04,-1.297270958924069287e-08
9.773530518599890526e-02,3.362705074250698090e-01,0.000000000000000000e+00,0.000000000000000000e+00,1.075013659460211324e+00,1.773337198971772333e+00,0.000000000000000000e+00,0.000000000000000000e+00,5.661030983015894890e+03,5.863537934592269940e-04,-5.798339843750000000e-04,-2.116989237365180512e-08
2.980375631335238987e-02,8.472852874547243118e-02,0.000000000000000000e+00,0.000000000000000000e+00,2.579213583483427996e+00,6.812426378981087938e-01,0.000000000000000000e+00,0.000000000000000000e+00,1.274221743356436491e+03,1.436738263753799141e-04,-2.594208344817161560e-04,1.675050097966579073e-09
-4.683373463150074939e-02,-1.430296059697866440e-01,0.000000000000000000e+00,0.000000000000000000e+00,-2.385143518890065817e+00,-9.839568798535011096e-01,0.000000000000000000e+00,0.000000000000000000e+00,-2.170549506364390254e+03,-2.397797869321273401e-04,2.788025885820388794e-04,-1.358763420349099981e-08
-1.467637513266132135e-02,-3.609310835599899292e-02,0.000000000000000000e+00,0.000000000000000000e+00,-2.967144107445798706e+00,-3.999874306284554870e-01,0.000000000000000000e+00,0.000000000000000000e+00,-5.558716025762259960e+02,-6.453603185993292521e-05,9.984523057937622070e-05,1.304287471278282351e-08
-1.974390381648197593e-02,-5.239174515008926392e-02,0.000000000000000000e+00,0.000000000000000000e+00,-2.683408535505641179e+00,-4.921900722283089613e-01,0.000000000000000000e+00,0.000000000000000000e+00,-7.896899780817329884e+02,-9.050708510947349779e-05,1.947507262229919434e-04,-2.410544943427929841e-08
3.747470098215296419e-01,1.782276481389999390e-02,0.000000000000000000e+00,0.000000000000000000e+00,2.899639460328821361e+00,2.998714972303951898e-01,0.000000000000000000e+00,0.000000000000000000e+00,4.876989784091711044e+03,7.118756628668354200e-05,6.473809480667114258e-05,1.063880266003121363e-08
-2.611117713488221304e-01,-1.104859076440334320e-02,0.000000000000000000e+00,0.000000000000000000e+00,-2.892974117049145644e+00,-2.364798598092016646e-01,0.000000000000000000e+00,0.000000000000000000e+00,-3.058958200850524008e+03,-1.136571169663920023e-04,6.847204640507698059e-04,-5.772718597556174729e-08
3.551341177457380538e-01,4.046165943145751953e-02,0.000000000000000000e+00,0.000000000000000000e+00,2.583730691137076096e+00,4.744513542280577867e-01,0.000000000000000000e+00,0.000000000000000000e+00,9.089857624761760235e+03,-4.399420684692527525e-05,-3.619417548179626465e-04,6.953047683910027932e-08
-3.869196459813566968e-01,-2.587998658418655396e-02,0.000000000000000000e+00,0.000000000000000000e+00,-2.523237707123509477e+00,-3.405890685969369391e-01,0.000000000000000000e+00,0.000000000000000000e+00,-6.413236957333981991e+03,1.749771779855946756e-05,-4.934817552566528320e-04,-1.284818229790916585e-08
1.148097095918876737e-01,7.275614142417907715e-02,0.000000000000000000e+00,0.000000000000000000e+00,1.912462782162256847e+00,7.900646151965224906e-01,0.000000000000000000e+00,0.000000000000000000e+00,1.086933130522724241e+04,3.466087971969390356e-04,-7.200613617897033691e-05,1.279217662272148275e-09
2.121012572054881973e-01,5.327882990241050720e-02,0.000000000000000000e+00,0.000000000000000000e+00,2.253615378770067235e+00,5.957054802299794893e-01,0.000000000000000000e+00,0.000000000000000000e+00,1.014619057962670922e+04,9.818579538030278121e-05,-4.007853567600250244e-04,7.861022309638995596e-09
9.356222869731160852e-02,1.735042333602905273e-01,0.000000000000000000e+00,0.000000000000000000e+00,9.476557011839328304e-01,1.567093659465018218e+00,0.000000000000000000e+00,0.000000000000000000e+00,1.274777931836992502e+04,8.924702214648499565e-04,-4.146099090576171875e-04,-7.467591923218981345e-09
8.693865125952904283e-02,1.146120466291904449e-01,0.000000000000000000e+00,0.000000000000000000e+00,1.589379966995403404e+00,1.167610192314242346e+00,0.000000000000000000e+00,0.000000000000000000e+00,1.240810043843090534e+04,6.590693930193530390e-04,-3.202743828296661377e-04,8.364188420805982905e-10
-1.404129297533235343e-01,-4.067761898040771484e-01,0.000000000000000000e+00,0.000000000000000000e+00,-4.482000739238014317e-04,-2.363704479572770190e+00,0.000000000000000000e+00,0.000000000000000000e+00,-1.171636586488783360e+04,-1.071769332441958270e-03,8.370280265808105469e-04,1.411697000938451160e-08
-1.312139326182684695e-01,-3.035904988646507263e-01,0.000000000000000000e+00,0.000000000000000000e+00,-3.356038981722125891e-01,-2.220387931345810806e+00,0.000000000000000000e+00,0.000000000000000000e+00,-1.394741985473781824e+04,-1.150978048163309045e-03,-2.202726900577545166e-04,-6.005123186038152844e-08
