0.000000000000000000e+00,0.000000000000000000e+00,1.929378823839873075e+04,1.551060589105653920e-01,2.962095902799982028e+00,2.237277071280443393e-05,0.000000000000000000e+00,3.250214649564209246e+00,4.295559960870694305e-02,4.696375545859336853e+03,6.007649628821209835e-04,0.000000000000000000e+00,3.391416872616778494e-04
0.000000000000000000e+00,0.000000000000000000e+00,2.465294810092449188e+04,2.074119667627350172e-01,1.512311855165188845e+00,2.600402706786776027e-05,0.000000000000000000e+00,3.730149551359915883e+00,4.797785507924075266e-02,6.666131545975804329e+03,8.104033174925760795e-04,0.000000000000000000e+00,4.274300428616586859e-04
0.000000000000000000e+00,0.000000000000000000e+00,-2.603469102141261101e+04,-2.972198911963355727e-01,-5.546556757016189110e+00,-7.671434071467820247e-05,0.000000000000000000e+00,-6.778352629675705732e-01,-5.359426242334761059e-02,-2.142557392045855522e+03,-1.924364365654081851e-04,0.000000000000000000e+00,8.612734878680494992e-05
0.000000000000000000e+00,0.000000000000000000e+00,-2.994178731545060873e+04,-4.438022908663088462e-01,-5.640048785380480822e+00,-1.545154490541900258e-04,0.000000000000000000e+00,-8.724214391659086409e-01,-4.336680687770839288e-02,-3.668519036084413528e+03,-2.246946013051210115e-04,0.000000000000000000e+00,3.250143857619140189e-05
0.000000000000000000e+00,0.000000000000000000e+00,2.927419899992644787e+04,5.400835320893055957e-01,4.860926998250151954e+00,1.962771018775041182e-04,0.000000000000000000e+00,9.820230525061021121e-01,2.876115171913009791e-02,5.252119155444204807e+03,2.046750099410817047e-04,0.000000000000000000e+00,4.198688781569007925e-05
0.000000000000000000e+00,0.000000000000000000e+00,3.164722136971354485e+04,6.718794217381945932e-01,4.606465889662832325e+00,2.257865723395735308e-04,0.000000000000000000e+00,1.266596735147384578e+00,2.001753018844225698e-02,8.064248923733830452e+03,1.989812531504701616e-04,0.000000000000000000e+00,1.389845465197284895e-04
0.000000000000000000e+00,0.000000000000000000e+00,3.188695656454935670e+04,2.806972261139897840e-01,4.367080869673733989e-01,3.312045292059791234e-05,0.000000000000000000e+00,4.299327786903828219e+00,5.251386560332130249e-02,9.659306446798145771e+03,1.089322219605647459e-03,0.000000000000000000e+00,5.440154518895769882e-04
0.000000000000000000e+00,0.000000000000000000e+00,3.988733602406084538e+04,3.698707537448946980e-01,2.913340876852991523e-04,4.473882543022199407e-05,0.000000000000000000e+00,4.766608263970891102e+00,5.354147432908638177e-02,1.354899245035648346e+04,1.369699571832243929e-03,0.000000000000000000e+00,6.659336355522172540e-04
0.000000000000000000e+00,0.000000000000000000e+00,-2.247870157560706139e+04,-1.459157058983601152e-01,-6.112636881528319854e+00,4.344493902004897313e-05,0.000000000000000000e+00,-5.000234288891118872e-01,-8.711058065620251589e-02,-7.913317994028329849e+02,-1.397035486292839035e-04,0.000000000000000000e+00,1.555039799095225622e-04
0.000000000000000000e+00,0.000000000000000000e+00,-2.428140076829493046e+04,-2.095612635254603395e-01,-5.839029326777504636e+00,-1.157041432399993317e-05,0.000000000000000000e+00,-5.779646013729902165e-01,-6.936921835377142520e-02,-1.320964592263102531e+03,-1.668876341792961302e-04,0.000000000000000000e+00,1.278977512201742001e-04
0.000000000000000000e+00,0.000000000000000000e+00,-6.316495870947837830e+02,-2.359017140891760209e-03,-5.181396921989219528e+00,-2.650740802033560162e-06,0.000000000000000000e+00,-4.232756447815422263e-01,-3.267193073713665647e-03,-6.418060195446014404e+01,-8.871561663675360819e-06,0.000000000000000000e+00,-1.212612068090807214e-05
0.000000000000000000e+00,0.000000000000000000e+00,-9.988012417629361153e+02,-3.864207283063041034e-03,-6.094522605489996359e+00,-3.978678262596379637e-06,0.000000000000000000e+00,-6.024619831009604409e-01,-4.998741339604658752e-03,-1.051012119725346565e+02,-1.435844649890807812e-05,0.000000000000000000e+00,-1.909964607476833862e-05
0.000000000000000000e+00,0.000000000000000000e+00,2.643658972993493080e+03,1.217313199335524031e-02,5.563404891039016142e+00,8.766820072404454459e-06,0.000000000000000000e+00,1.122074809247406879e+00,1.166985517998842675e-02,3.192753236629068851e+02,4.396799571617260072e-05,0.000000000000000000e+00,4.969603673482909316e-05
0.000000000000000000e+00,0.000000000000000000e+00,-3.454524319026619196e+03,-1.712212206331133538e-02,-4.685011902437092424e+00,-1.060874112761541302e-05,0.000000000000000000e+00,-1.286099122279537932e+00,-1.448399480387093513e-02,-4.431902669146656990e+02,-6.184059964464469331e-05,0.000000000000000000e+00,-6.464038536819780652e-05
0.000000000000000000e+00,0.000000000000000000e+00,-1.182735021844506264e+03,-4.847825893730423920e-03,-5.232925648080968273e+00,-4.709959318654325995e-06,0.000000000000000000e+00,-6.385872576300155590e-01,-5.717887073830116990e-03,-1.295180440954864025e+02,-1.764286721110232143e-05,0.000000000000000000e+00,-2.270644364064018062e-05
0.000000000000000000e+00,0.000000000000000000e+00,-1.817741010468453169e+03,-7.900396678912556883e-03,-5.653623624995288921e+00,-6.638256635282772594e-06,0.000000000000000000e+00,-8.732140589545346332e-01,-8.445923397792586343e-03,-2.083340387828648090e+02,-2.887518994952798694e-05,0.000000000000000000e+00,-3.442614776813993348e-05
0.000000000000000000e+00,0.000000000000000000e+00,-3.396523791131377220e+04,-6.430852455987778882e-01,-3.367152978900923355e+00,-1.560257198574703291e-04,0.000000000000000000e+00,-2.082636953868847840e+00,-1.183015578075291736e-02,-1.385395406965911388e+04,-3.981931694535563579e-04,0.000000000000000000e+00,-3.740204243300782635e-04
0.000000000000000000e+00,0.000000000000000000e+00,3.016948663945309818e+04,6.514872319828761693e-01,3.757816814716500531e+00,1.898771188485578651e-04,0.000000000000000000e+00,1.487233599975984921e+00,1.231108573439546917e-02,1.024849334629438818e+04,2.134608094311531048e-04,0.000000000000000000e+00,2.332635736986075740e-04
0.000000000000000000e+00,0.000000000000000000e+00,4.326014156714081764e+03,3.095863497356405106e-02,6.037230302571311213e+00,6.441525891993972915e-06,0.000000000000000000e+00,9.287183969522079252e-01,1.210056514845285307e-02,8.625981716066598892e+02,1.176027371203075582e-04,0.000000000000000000e+00,7.834608578050907771e-05
0.000000000000000000e+00,0.000000000000000000e+00,3.201548754610121250e+03,2.211124306431563533e-02,6.019849726621238517e+00,5.177766083226460718e-06,0.000000000000000000e+00,7.317066068431399284e-01,9.488314146526002565e-03,6.036748254559934139e+02,8.322246191254344930e-05,0.000000000000000000e+00,5.824678487535040622e-05
0.000000000000000000e+00,0.000000000000000000e+00,-2.660289387521333992e+03,-1.770119477276205222e-02,-6.560451945157551812e+00,-4.865052693418231451e-06,0.000000000000000000e+00,-6.460448271101163487e-01,-8.267953329710817437e-03,-4.764573863819241524e+02,-6.601166824075628374e-05,0.000000000000000000e+00,-4.862941007100921107e-05
0.000000000000000000e+00,0.000000000000000000e+00,1.867394315019249916e+03,1.202035859208717798e-02,5.909814246894140588e+00,3.709916316966348702e-06,0.000000000000000000e+00,4.809091457544913406e-01,6.088259377771613849e-03,3.189471161216497421e+02,4.471581602149445051e-05,0.000000000000000000e+00,3.432086218901295058e-05
0.000000000000000000e+00,0.000000000000000000e+00,-3.506477026040852070e+04,-3.265855815172040155e-01,-1.297301653743253378e-03,-4.009223828591139676e-05,0.000000000000000000e+00,-4.156172619095897858e+00,-4.640709331907206386e-02,-1.200010306645929813e+04,-1.202794884737927103e-03,0.000000000000000000e+00,-5.848188075196990819e-04
0.000000000000000000e+00,0.000000000000000000e+00,3.780482424170523882e+04,3.833289279942669325e-01,3.960077377184395009e-01,5.286351189936272038e-05,0.000000000000000000e+00,3.926075008569287039e+00,3.829801424001903765e-02,1.444516768175363541e+04,1.226660344669627768e-03,0.000000000000000000e+00,6.100053668871482102e-04
0.000000000000000000e+00,0.000000000000000000e+00,3.738080547511205077e+04,4.432929794179706895e-01,1.347167666999498969e+00,7.290248410195563971e-05,0.000000000000000000e+00,3.334497694342745344e+00,2.651424995148771169e-02,1.564552576089277864e+04,1.029733489034686568e-03,0.000000000000000000e+00,5.684043105333685519e-04
0.000000000000000000e+00,0.000000000000000000e+00,3.502051001050183550e+04,5.241449247180892668e-01,2.387037888812186814e+00,1.045559299543637232e-04,0.000000000000000000e+00,2.624864501024804397e+00,1.635139993407556253e-02,1.518958035543328151e+04,6.922390050672597465e-04,0.000000000000000000e+00,4.756548327910002736e-04
0.000000000000000000e+00,0.000000000000000000e+00,-8.703707011431455612e+03,-5.065172560435893256e-02,-3.927775607703632321e+00,-2.088451038055020938e-05,0.000000000000000000e+00,-2.425846942632458703e+00,-3.170030710921639683e-02,-1.297414013877511024e+03,-1.811337498500583364e-04,0.000000000000000000e+00,-1.589235912837924593e-04
0.000000000000000000e+00,0.000000000000000000e+00,-5.164950438454747200e+03,-2.767509415597776620e-02,-4.229986718948694602e+00,-1.423250625159298280e-05,0.000000000000000000e+00,-1.672150928617133880e+00,-2.032536986747451868e-02,-7.105217398852109909e+02,-9.932531278226519166e-05,0.000000000000000000e+00,-9.573244666500561190e-05
0.000000000000000000e+00,0.000000000000000000e+00,-1.043047733456641436e+04,-8.620190389188171071e-03,-5.642005166059113286e+00,3.142169283321024453e-06,0.000000000000000000e+00,-5.583368291160745178e-01,-1.318483406434519944e-01,-2.477710055280476809e+02,-3.971665350227685323e-05,0.000000000000000000e+00,-5.498604744766248301e-05
0.000000000000000000e+00,0.000000000000000000e+00,-7.499107595503330231e+03,-4.742589876075594194e-03,-6.102978908106416966e+00,-8.524359146464060446e-06,0.000000000000000000e+00,-4.991111568766676831e-01,-9.851290605279017232e-02,-1.961662220954895020e+02,-2.725894565840717069e-05,0.000000000000000000e+00,-5.676370859243533664e-05
0.000000000000000000e+00,0.000000000000000000e+00,2.359924357780814171e+04,3.907448460337940854e-02,5.806154361070764658e+00,-6.418877378143243142e-05,0.000000000000000000e+00,8.979294052526908265e-01,2.370936305146915390e-01,5.431694748252630234e+02,1.129134812390824189e-04,0.000000000000000000e+00,2.332452024710015943e-05
0.000000000000000000e+00,0.000000000000000000e+00,1.617977028091996908e+04,1.844908746689830417e-02,5.833947306804017963e+00,-2.800811661404274626e-05,0.000000000000000000e+00,7.127419459832524673e-01,1.882327049687983478e-01,3.598659646138548851e+02,6.734441318011651545e-05,0.000000000000000000e+00,4.699399624916574615e-05
0.000000000000000000e+00,0.000000000000000000e+00,1.896355382121354342e+04,1.325331697969906741e-01,1.529102129412146072e+00,3.453002392155466810e-05,0.000000000000000000e+00,3.772748009751134557e+00,5.684960845590220080e-02,3.419511335022747517e+03,4.677724586816057518e-04,0.000000000000000000e+00,3.321806435744075869e-04
0.000000000000000000e+00,0.000000000000000000e+00,-1.366039490946754813e+04,-8.684623805490428172e-02,-2.951427960233274028e+00,-2.840577356223455573e-05,0.000000000000000000e+00,-3.239333013303818287e+00,-4.546088532049385317e-02,-2.230325629506260157e+03,-3.097312592901584017e-04,0.000000000000000000e+00,-2.450341892454946401e-04
0.000000000000000000e+00,0.000000000000000000e+00,3.751088055024296045e+04,3.230432438303543208e-01,6.020535347905456866e-04,6.646212309901257951e-05,0.000000000000000000e+00,4.964397746354658914e+00,8.778476738850550520e-02,8.047606805525720119e+03,1.014545403136795807e-03,0.000000000000000000e+00,5.951188269218134165e-04
0.000000000000000000e+00,0.000000000000000000e+00,2.706682844248414040e+04,2.091742364311729163e-01,4.493302470556161943e-01,4.501009627818134112e-05,0.000000000000000000e+00,4.435276075240543570e+00,7.177472089966815960e-02,5.387459347836673260e+03,7.132556170045391362e-04,0.000000000000000000e+00,4.559578953253902141e-04
0.000000000000000000e+00,0.000000000000000000e+00,5.709037866774946451e+03,4.236196632503535370e-02,5.718345104280004421e+00,7.742734877324259238e-06,0.000000000000000000e+00,1.148808604346585716e+00,1.498370973335304800e-02,1.209757427804172039e+03,1.628043297959251155e-04,0.000000000000000000e+00,1.028387015511693104e-04
0.000000000000000000e+00,0.000000000000000000e+00,6.782060195263475180e+03,5.200924378896863709e-02,4.666921029798179354e+00,8.261674629981313297e-06,0.000000000000000000e+00,1.276082655054503912e+00,1.657033316447818067e-02,1.535569477699697018e+03,2.025747339177701601e-04,0.000000000000000000e+00,1.212785256082974322e-04
0.000000000000000000e+00,0.000000000000000000e+00,1.909363490895926952e+04,1.589951610928214132e-01,2.642298941648565602e+00,1.686304905225954594e-05,0.000000000000000000e+00,2.887436877547533420e+00,3.487274563851709697e-02,5.478415095470845699e+03,6.535765734148498958e-04,0.000000000000000000e+00,3.349692674691326822e-04
0.000000000000000000e+00,0.000000000000000000e+00,-2.847737722306698561e+04,-2.414422417125774989e-01,-1.618602026286942497e+00,-2.365639702680363712e-05,0.000000000000000000e+00,-3.977157589375371227e+00,-4.538627495215856456e-02,-8.970081236541271210e+03,-1.007216855235481406e-03,0.000000000000000000e+00,-4.960146341804863622e-04
0.000000000000000000e+00,0.000000000000000000e+00,9.913210614666342735e+03,7.834385586130289403e-02,4.418957992006946611e+00,1.065686796916805530e-05,0.000000000000000000e+00,1.739504841228391330e+00,2.230390654416198465e-02,2.412612790510058403e+03,3.110248579041196204e-04,0.000000000000000000e+00,1.763059108668008762e-04
0.000000000000000000e+00,0.000000000000000000e+00,1.498725940793007612e+04,1.219105448728591140e-01,3.976530037304650378e+00,1.476684894309843708e-05,0.000000000000000000e+00,2.445593263718308652e+00,3.065778891000224202e-02,3.946474764049053192e+03,4.924440496254922769e-04,0.000000000000000000e+00,2.647180083618009931e-04
0.000000000000000000e+00,0.000000000000000000e+00,1.963410689345747232e+04,3.824231241597583209e-01,6.332590954178936471e+00,1.460524422819329778e-04,0.000000000000000000e+00,5.162868922903217639e-01,1.667676022978966527e-02,2.910398194514214993e+03,4.877723124647189936e-05,0.000000000000000000e+00,-5.105394187478191063e-05
0.000000000000000000e+00,0.000000000000000000e+00,1.910187261243909597e+04,4.469595978427121641e-01,5.665878661932405080e+00,1.672732429879498659e-04,0.000000000000000000e+00,5.589011997574856450e-01,9.282427188158295581e-03,3.890226253449916840e+03,-1.410438734429748628e-05,0.000000000000000000e+00,-1.384217496554839616e-05
0.000000000000000000e+00,0.000000000000000000e+00,3.524881751787662506e+04,3.026530613246690149e-01,4.613896675489574384e-01,2.819875945988525246e-05,0.000000000000000000e+00,4.527866941696404801e+00,4.738599532290722199e-02,1.228083525836467743e+04,1.268018028857263030e-03,0.000000000000000000e+00,6.091169463658005446e-04
0.000000000000000000e+00,0.000000000000000000e+00,3.644864104761928320e+04,3.166719962737440941e-01,9.246609929527678604e-04,2.934157319447233390e-05,0.000000000000000000e+00,4.304953364443576902e+00,3.980661045921520674e-02,1.407282423628866673e+04,1.299894905973534697e-03,0.000000000000000000e+00,6.245448854519309494e-04
0.000000000000000000e+00,0.000000000000000000e+00,3.222107204116135836e+04,3.074419218064938231e-01,1.270877913499503409e+00,3.017009602474763974e-05,0.000000000000000000e+00,3.134520735218431664e+00,1.618850045537670659e-02,1.565026392137818038e+04,9.406793540310216589e-04,0.000000000000000000e+00,5.359515574552310702e-04
0.000000000000000000e+00,0.000000000000000000e+00,-3.165148984855413437e+04,-3.507965057637683071e-01,-2.529689718002969379e+00,-3.767384719611921706e-05,0.000000000000000000e+00,-2.771733184691762109e+00,-6.314076224027079069e-03,-1.703168832737579942e+04,-6.781491644384045857e-04,0.000000000000000000e+00,-5.091489475366983665e-04
0.000000000000000000e+00,0.000000000000000000e+00,-3.482090334423631430e+04,-3.029382980443964257e-01,-5.889473916841769926e-04,-2.804331568789060890e-05,0.000000000000000000e+00,-4.079352731369867868e+00,-3.716682436024532077e-02,-1.357850106870383024e+04,-1.238226967832848843e-03,0.000000000000000000e+00,-5.960834692947761812e-04
0.000000000000000000e+00,0.000000000000000000e+00,-3.425751281367242336e+04,-3.055310685040188434e-01,-3.716470331714536446e-01,-2.883142041568956512e-05,0.000000000000000000e+00,-3.674180439606186788e+00,-2.733730886270714297e-02,-1.487288962358981371e+04,-1.152629371420823634e-03,0.000000000000000000e+00,-5.802396437602936339e-04
0.000000000000000000e+00,0.000000000000000000e+00,2.176475319086015224e+04,5.369560823006163108e-01,4.559764693461948681e+00,1.079640143875563167e-04,0.000000000000000000e+00,1.248350324090081953e+00,-8.895970899069523263e-03,1.204702820567786694e+04,-2.408409547052397278e-04,0.000000000000000000e+00,2.295991631285491973e-04
0.000000000000000000e+00,0.000000000000000000e+00,-2.092405129813402891e+04,-5.974088167860592824e-01,-4.945812964090353425e+00,-1.494612216938653708e-04,0.000000000000000000e+00,-9.948440574903943956e-01,7.079698839882385582e-03,-9.858733041495084763e+03,2.858908367700666096e-04,0.000000000000000000e+00,-1.533443945020512801e-04
0.000000000000000000e+00,0.000000000000000000e+00,2.773080719124525785e+04,3.933422053274045482e-01,3.502404649531617231e+00,4.914983281047456053e-05,0.000000000000000000e+00,2.158758613037094598e+00,-2.443815656984132684e-03,1.607643131404370070e+04,2.870061760817850809e-04,0.000000000000000000e+00,4.175875914048341473e-04
0.000000000000000000e+00,0.000000000000000000e+00,-2.351519617949426174e+04,-4.490850446484635494e-01,-4.040495809314482933e+00,-7.082183116154040954e-05,0.000000000000000000e+00,-1.593286094082616344e+00,7.372387903362812717e-03,-1.389422729388996959e+04,4.503840328813170162e-05,0.000000000000000000e+00,-3.116194928618090491e-04
0.000000000000000000e+00,0.000000000000000000e+00,-2.106717430078005418e+04,-6.150036780276889603e-01,-5.394906132382915942e+00,-1.844241651015224683e-04,0.000000000000000000e+00,-8.310571530916568417e-01,2.754547155441024187e-03,-7.805798850976396352e+03,2.235225559123113070e-04,0.000000000000000000e+00,-8.784747324217339584e-05
0.000000000000000000e+00,0.000000000000000000e+00,-2.070958253380469978e+04,-5.595290166122335318e-01,-5.692113464882097240e+00,-1.921136497045905782e-04,0.000000000000000000e+00,-6.928316385151188639e-01,-3.269405443883916570e-03,-5.751007538892328739e+03,1.117860110230652223e-04,0.000000000000000000e+00,-3.111065975327056873e-05
0.000000000000000000e+00,0.000000000000000000e+00,4.079973284012079239e+04,2.278656190076709109e-01,4.130091953585948161e+00,3.383739240701260205e-06,0.000000000000000000e+00,1.635203979611709046e+00,1.726933885028358040e-01,2.584281538315117359e+03,3.912575868439038189e-04,0.000000000000000000e+00,1.077370840155449978e-04
0.000000000000000000e+00,0.000000000000000000e+00,-4.216973287517204881e+04,-3.327463935621753355e-01,-3.262427808915534300e+00,-8.055474932216355076e-05,0.000000000000000000e+00,-2.018039691885533227e+00,-1.290503808943066488e-01,-4.187148860724642873e+03,-5.403681933451410591e-04,0.000000000000000000e+00,-2.291219860583266967e-04
0.000000000000000000e+00,0.000000000000000000e+00,4.399724433852732182e+04,4.345766242126037349e-01,2.420081729297848927e+00,1.284211945540135338e-04,0.000000000000000000e+00,2.660090614534692310e+00,1.050507708983295374e-01,6.467217551775276661e+03,7.503873856701408262e-04,0.000000000000000000e+00,3.805967215291166457e-04
0.000000000000000000e+00,0.000000000000000000e+00,-3.784559327879175544e+04,-3.955486106842711624e-01,-1.207819042671040011e+00,-1.063869468222256921e-04,0.000000000000000000e+00,-2.988413153557457402e+00,-7.956178212768436064e-02,-7.295745309781283140e+03,-8.245033040846101160e-04,0.000000000000000000e+00,-4.451230821238036481e-04
0.000000000000000000e+00,0.000000000000000000e+00,-4.357721491032838821e+04,-4.225869544522126708e-01,-4.544401127196546764e-01,-9.648051224372594984e-05,0.000000000000000000e+00,-4.498756010430241759e+00,-9.236909359326825331e-02,-9.438945553472265601e+03,-1.115254087439262846e-03,0.000000000000000000e+00,-6.199451662054774421e-04
0.000000000000000000e+00,0.000000000000000000e+00,-3.335791507536172867e+04,-2.883616981419479530e-01,-9.704352228383130840e-04,-5.946205529763578824e-05,0.000000000000000000e+00,-4.382789163404842370e+00,-7.776804861789377021e-02,-7.168549355894327164e+03,-9.018083349838268469e-04,0.000000000000000000e+00,-5.279523671730620722e-04
0.000000000000000000e+00,0.000000000000000000e+00,1.063042510844767094e+03,4.708103860954046711e-03,6.117619316962053411e+00,3.982300294053726009e-06,0.000000000000000000e+00,5.001241436333283552e-01,4.840541982087939905e-03,1.244096848666667938e+02,1.752418294475085726e-05,0.000000000000000000e+00,2.024684791475065565e-05
0.000000000000000000e+00,0.000000000000000000e+00,1.397021718993782997e+03,6.520389044062869371e-03,6.068717992458044996e+00,4.615058953982127656e-06,0.000000000000000000e+00,6.002811499753941682e-01,6.146006514720151782e-03,1.703720653057098389e+02,2.384421033155777100e-05,0.000000000000000000e+00,2.632046939761781618e-05
0.000000000000000000e+00,0.000000000000000000e+00,2.775905897952243686e+04,6.853310666509539184e-02,4.866796711191916813e+00,-7.789608489013791594e-05,0.000000000000000000e+00,9.829982875917517848e-01,2.226319825715561418e-01,7.836865369603037834e+02,1.599285490978362553e-04,0.000000000000000000e+00,3.637683045357051632e-06
0.000000000000000000e+00,0.000000000000000000e+00,-3.329713773433491588e+04,-1.243618849050076580e-01,-4.368563406712251407e+00,5.868026353571183544e-05,0.000000000000000000e+00,-1.201174247436751719e+00,-1.979831481242579905e-01,-1.352675610918551683e+03,-2.430519186683353743e-04,0.000000000000000000e+00,-2.406789347233631658e-05
0.000000000000000000e+00,0.000000000000000000e+00,-9.964751810174435377e+03,-6.766334146695027196e-02,-3.630446872969430583e+00,-1.784659924885778197e-05,0.000000000000000000e+00,-2.242688215363550341e+00,-3.053831971389128069e-02,-1.791423165399581194e+03,-2.470329417908932127e-04,0.000000000000000000e+00,-1.793363548870136211e-04
0.000000000000000000e+00,0.000000000000000000e+00,7.343603210825473070e+03,4.642023647124959851e-02,4.727860342255958415e+00,1.520017080444403938e-05,0.000000000000000000e+00,1.869237390045115799e+00,2.451707828862445190e-02,1.210477165270596743e+03,1.686492400792442901e-04,0.000000000000000000e+00,1.340469965839807820e-04
0.000000000000000000e+00,0.000000000000000000e+00,-4.461084038846194744e+03,-2.631022868714958524e-02,-4.642647062538312497e+00,-1.038158659954366644e-05,0.000000000000000000e+00,-1.274772954255744217e+00,-1.601648460883663139e-02,-6.812309706322848797e+02,-9.519522970363175217e-05,0.000000000000000000e+00,-8.215587576547393593e-05
0.000000000000000000e+00,0.000000000000000000e+00,3.779962994171306491e+03,2.089658995696529881e-02,5.973720130653910942e+00,9.782548657014091814e-06,0.000000000000000000e+00,1.205267713656260842e+00,1.440995337641272876e-02,5.397007482238113880e+02,7.538293062891981012e-05,0.000000000000000000e+00,7.007827324885856012e-05
0.000000000000000000e+00,0.000000000000000000e+00,3.664356164930760860e+04,3.440567948163643086e-01,6.344223262258909648e-04,5.450279867221558981e-05,0.000000000000000000e+00,4.534625641726750089e+00,6.514640181686917608e-02,1.007203362600505352e+04,1.148042597170684589e-03,0.000000000000000000e+00,5.931024086338043937e-04
0.000000000000000000e+00,0.000000000000000000e+00,-2.849700036597251892e+04,-2.434387095580552995e-01,-4.235799381708495459e-01,-3.803977007743537174e-05,0.000000000000000000e+00,-4.173924049756877253e+00,-6.010519774266506049e-02,-7.048416396439075470e+03,-8.732228878424270688e-04,0.000000000000000000e+00,-4.809661731668508021e-04
0.000000000000000000e+00,0.000000000000000000e+00,2.213800376029964536e+04,1.744216563578021573e-01,1.535033875429231420e+00,3.086971614662995211e-05,0.000000000000000000e+00,3.788348374841772337e+00,5.412050649928029644e-02,4.887455836866050959e+03,6.398362461019362112e-04,0.000000000000000000e+00,3.843449513152672348e-04
0.000000000000000000e+00,0.000000000000000000e+00,1.498429691758751869e+04,1.095215941440389057e-01,2.692584821377904891e+00,2.307411185212254458e-05,0.000000000000000000e+00,2.956298573068247393e+00,4.145790450913312136e-02,2.970165565595030785e+03,4.022280810888775003e-04,0.000000000000000000e+00,2.656393521682743285e-04
0.000000000000000000e+00,0.000000000000000000e+00,2.821840575363487005e+03,1.466196448657986449e-02,6.463268760442713479e+00,8.060068567214842422e-06,0.000000000000000000e+00,9.986711117014496208e-01,1.137046193156100726e-02,3.797588555440306664e+02,5.327701226579639553e-05,0.000000000000000000e+00,5.262314397214984949e-05
0.000000000000000000e+00,0.000000000000000000e+00,-1.925881176406517625e+03,-9.522679609270588014e-03,-6.164860135185481482e+00,-6.102794417355450399e-06,0.000000000000000000e+00,-7.525059141276995156e-01,-8.136753243157070908e-03,-2.459973792694509029e+02,-3.452521980982455648e-05,0.000000000000000000e+00,-3.631341870227708965e-05
0.000000000000000000e+00,0.000000000000000000e+00,1.816225127339363098e+04,3.123175368720480793e-02,6.487726559392191561e+00,-8.845829093922232499e-05,0.000000000000000000e+00,5.308734482438427493e-01,1.893319093641931128e-01,2.560532252863049507e+02,7.741573954146442052e-05,0.000000000000000000e+00,-5.888464352809917720e-05
0.000000000000000000e+00,0.000000000000000000e+00,-2.198889262685552239e+04,-5.241892742928955934e-02,-5.981242209042904712e+00,1.107735831300254862e-04,0.000000000000000000e+00,-5.922539811258809017e-01,-1.906011737360847891e-01,-3.587775341495871544e+02,-1.064294016156815549e-04,0.000000000000000000e+00,9.853801371572950445e-05
0.000000000000000000e+00,0.000000000000000000e+00,3.765997825225535780e+04,5.505885452238895583e-01,2.178404967823236671e+00,1.533443629156595205e-04,0.000000000000000000e+00,2.396700860284068035e+00,4.635855301596944478e-02,9.891892101282253861e+03,7.617747132988782980e-04,0.000000000000000000e+00,3.907458574413243363e-04
0.000000000000000000e+00,0.000000000000000000e+00,3.973684722753614187e+04,5.069173345063684444e-01,1.304323736064988415e+00,1.160748571128289132e-04,0.000000000000000000e+00,3.229531333395164072e+00,5.017802391772025611e-02,1.182598431926220655e+04,1.021965345021188165e-03,0.000000000000000000e+00,5.229251183030040424e-04
0.000000000000000000e+00,0.000000000000000000e+00,-3.911119015632942319e+04,-4.893081192567039217e-01,-3.970434974423177721e+00,-1.581354758322767954e-04,0.000000000000000000e+00,-1.572225336278394003e+00,-7.231143183124497109e-02,-5.410517280526459217e+03,-4.928687791506871502e-04,0.000000000000000000e+00,-1.451128932985583364e-04
0.000000000000000000e+00,0.000000000000000000e+00,3.969576339729875326e+04,5.813726539370746016e-01,3.197804313688720423e+00,1.858259941410928830e-04,0.000000000000000000e+00,1.978663169627625784e+00,5.641835344352583159e-02,7.982742540545761585e+03,6.232119964774342387e-04,0.000000000000000000e+00,2.790055856082554941e-04
0.000000000000000000e+00,0.000000000000000000e+00,-3.676500238022767007e+04,-2.515167290654588550e-01,-5.390645873605516947e+00,6.647125610832635718e-06,0.000000000000000000e+00,-1.089317901064231320e+00,-1.322114560244359305e-01,-2.081959907921031117e+03,-3.065332196073551423e-04,0.000000000000000000e+00,6.556033835369620547e-05
0.000000000000000000e+00,0.000000000000000000e+00,3.967707372510805726e+04,3.782268039431036510e-01,4.875143991738155158e+00,8.807495317014533531e-05,0.000000000000000000e+00,1.340987860636834617e+00,1.011992923954378454e-01,3.560937038187868893e+03,4.065539026337126015e-04,0.000000000000000000e+00,2.910912495538034797e-05
0.000000000000000000e+00,0.000000000000000000e+00,2.510233426098525524e+04,8.451741247593191897e-02,5.394666768874031071e+00,-1.062456117002213291e-04,0.000000000000000000e+00,6.596524978898571367e-01,1.702669536637788084e-01,5.727980359792709351e+02,1.424310065268762538e-04,0.000000000000000000e+00,-1.162326271111713223e-04
0.000000000000000000e+00,0.000000000000000000e+00,3.259046209631767124e+04,1.564711555514018970e-01,5.724621719904105177e+00,-8.169554405627565377e-05,0.000000000000000000e+00,8.856759560843656676e-01,1.638551449774418856e-01,1.155262551560066640e+03,2.223997379280373023e-04,0.000000000000000000e+00,-1.192378925467888211e-04
0.000000000000000000e+00,0.000000000000000000e+00,-3.534969807177782059e+04,-3.335295677113266355e-01,-9.642398092210070250e-04,-5.319843000530088549e-05,0.000000000000000000e+00,-4.339729413632430699e+00,-6.234496204200264124e-02,-9.758079185724258423e+03,-1.107104992587043622e-03,0.000000000000000000e+00,-5.708223647462755184e-04
0.000000000000000000e+00,0.000000000000000000e+00,-3.930983578069508076e+04,-4.228278636711272909e-01,-4.031407239298311906e-01,-7.838773029784374400e-05,0.000000000000000000e+00,-3.987632932497293226e+00,-5.771419968907335468e-02,-1.168830615399777889e+04,-1.174228596247846269e-03,0.000000000000000000e+00,-5.908003791612485628e-04
0.000000000000000000e+00,0.000000000000000000e+00,2.033919267021119595e+03,1.156505414777355550e-02,6.393057371014601031e+00,5.041697969554386544e-06,0.000000000000000000e+00,6.317717713337778207e-01,7.560576262443743228e-03,3.005230428129434586e+02,4.203788728932915896e-05,0.000000000000000000e+00,3.779859925380284305e-05
0.000000000000000000e+00,0.000000000000000000e+00,-1.580540636528283358e+03,-8.616703656963793992e-03,-6.470209187512268478e+00,-4.169751471842617485e-06,0.000000000000000000e+00,-5.285234802486309391e-01,-6.117255267327537972e-03,-2.229998672157526016e+02,-3.124621057374185948e-05,0.000000000000000000e+00,-2.957348633768625820e-05
0.000000000000000000e+00,0.000000000000000000e+00,3.508017020223662257e+03,2.197999196648714113e-02,6.038849452595401068e+00,7.327051372844749249e-06,0.000000000000000000e+00,9.322724152556087773e-01,1.178794760766941306e-02,5.771110356724821031e+02,8.070297015098445049e-05,0.000000000000000000e+00,6.441412061660136616e-05
0.000000000000000000e+00,0.000000000000000000e+00,2.447835347659885883e+03,1.455632963044087638e-02,5.773704442639520984e+00,5.435396737576205176e-06,0.000000000000000000e+00,7.042004697635528832e-01,8.668566533970890886e-03,3.805944145619869232e+02,5.321651079465879457e-05,0.000000000000000000e+00,4.521648155819445934e-05
0.000000000000000000e+00,0.000000000000000000e+00,6.572441843762993813e+03,4.553072420267979814e-02,5.374731843343741211e+00,1.104853356089332833e-05,0.000000000000000000e+00,1.475009464125103031e+00,1.945719312399867354e-02,1.234194384455680847e+03,1.694135742961594686e-04,0.000000000000000000e+00,1.190976351918458597e-04
0.000000000000000000e+00,0.000000000000000000e+00,-4.429691982530057430e+03,-2.918747069559804105e-02,-5.374919669129715416e+00,-8.386865017838002472e-06,0.000000000000000000e+00,-1.084051946916440912e+00,-1.404275828260894386e-02,-7.758571664243936539e+02,-1.077095207077149780e-04,0.000000000000000000e+00,-8.079643550736015888e-05
0.000000000000000000e+00,0.000000000000000000e+00,1.176110267472639680e+04,9.006983184128002085e-02,3.550054906030120971e+00,1.511177823232285477e-05,0.000000000000000000e+00,2.191721797518812131e+00,2.926928350973998991e-02,2.601703529626131058e+03,3.449503295614345208e-04,0.000000000000000000e+00,2.091354090953891250e-04
0.000000000000000000e+00,0.000000000000000000e+00,8.759407811611890793e+03,6.387347848085513091e-02,4.545029235887493968e+00,1.309104758015548890e-05,0.000000000000000000e+00,1.795841362815500997e+00,2.399865106990507410e-02,1.777510932564735413e+03,2.411261658919596287e-04,0.000000000000000000e+00,1.574101739687910049e-04
2.739365658408644766e+00,1.221587138833511721e-01,3.484020710088312626e+03,0.000000000000000000e+00,0.000000000000000000e+00,5.482468723531971341e-05,2.999119664877858860e+00,0.000000000000000000e+00,0.000000000000000000e+00,6.276800112344324589e+03,7.901352581178468356e-04,3.332609250372499388e-02,4.820743912398949119e-05
1.645318745176031827e+00,1.771510843074607655e-01,5.770084552183747292e+03,0.000000000000000000e+00,0.000000000000000000e+00,8.711204326054725977e-05,4.052354340419046963e+00,0.000000000000000000e+00,0.000000000000000000e+00,1.024314421914517879e+04,1.255628612895522914e-03,5.893006074423439572e-02,7.559508737703643012e-05
-6.055777676428602874e+00,-6.026507835232900456e-01,-1.292162730034440756e+03,0.000000000000000000e+00,0.000000000000000000e+00,-6.031334318882413874e-06,-7.391059938402654295e-01,0.000000000000000000e+00,0.000000000000000000e+00,-8.072628349237143993e+03,-4.451181135732489393e-04,-5.258171420484086638e-03,-2.955168922824825075e-05
5.283892878679067096e+00,7.144215615623257243e-01,1.187089100480079651e+03,0.000000000000000000e+00,0.000000000000000000e+00,-1.200072654938025320e-05,8.161159587587436537e-01,0.000000000000000000e+00,0.000000000000000000e+00,1.097310325606167316e+04,4.444482003353404501e-04,1.731230395992637214e-02,4.352411867567045859e-05
4.910069482210221992e+00,7.662922620821401853e-01,1.397349427723325789e+03,0.000000000000000000e+00,0.000000000000000000e+00,-1.981763266922801156e-05,9.899483587441877397e-01,0.000000000000000000e+00,0.000000000000000000e+00,1.502329991212114692e+04,4.692062222163427185e-04,3.836908481140154092e-02,6.092211489318086312e-05
-4.372072037974604974e+00,-6.348290846456486891e-01,-2.454800124615430832e+03,0.000000000000000000e+00,0.000000000000000000e+00,-8.094889037581853329e-06,-1.198927016445785476e+00,0.000000000000000000e+00,0.000000000000000000e+00,-1.813331875923275948e+04,-5.833476726719512458e-04,-6.445451499170982979e-02,-6.985562288689896218e-05
4.761839345228580100e-01,2.173081098365479413e-01,8.256642988167703152e+03,0.000000000000000000e+00,0.000000000000000000e+00,1.231496464693924184e-04,4.678189700143081886e+00,0.000000000000000000e+00,0.000000000000000000e+00,1.451071492078900337e+04,1.715241459503711284e-03,8.878449738949993619e-02,9.954688160775711919e-05
6.499873917990560716e-04,2.339159327751244577e-01,1.049069869842007756e+04,0.000000000000000000e+00,0.000000000000000000e+00,1.582522270264151930e-04,4.801153739109201624e+00,0.000000000000000000e+00,0.000000000000000000e+00,1.848293907382339239e+04,2.076754929638172098e-03,1.166903390164390486e-01,1.108735903885952917e-04
6.648949334794197696e+00,2.906099502509176258e-01,1.004795928053557873e+03,0.000000000000000000e+00,0.000000000000000000e+00,2.167868643098869473e-05,5.434325064823402052e-01,0.000000000000000000e+00,0.000000000000000000e+00,3.566124339576810598e+03,2.996131202223578454e-04,-2.658168319434428377e-03,1.091457405932223811e-05
6.312773944726352227e+00,4.229984541623471594e-01,1.184735106408596039e+03,0.000000000000000000e+00,0.000000000000000000e+00,1.773413831259685607e-05,6.242041086898240110e-01,0.000000000000000000e+00,0.000000000000000000e+00,5.309910400301218033e+03,3.744370214871838107e-04,-9.285591609658811656e-04,1.743824748622517255e-05
-6.196113843874150540e+00,-6.262131493581640611e-03,-8.937520164251327515e+01,0.000000000000000000e+00,0.000000000000000000e+00,-2.310162835764164215e-06,-5.063943199460714251e-01,0.000000000000000000e+00,0.000000000000000000e+00,-1.729247478246688843e+02,-2.428053545449234123e-05,8.150483727665548944e-05,-7.176714653136378383e-07
-6.981326757636836966e+00,-9.483558361519484059e-03,-1.388750372650101781e+02,0.000000000000000000e+00,0.000000000000000000e+00,-3.880744853679170428e-06,-6.900183208132588675e-01,0.000000000000000000e+00,0.000000000000000000e+00,-2.687399742677807808e+02,-3.709096632795769421e-05,4.406590840021196967e-04,-9.834151231733549190e-07
5.404522410670641541e+00,2.146266413721001701e-02,3.443618976287543774e+02,0.000000000000000000e+00,0.000000000000000000e+00,7.979251554143657857e-06,1.090679480343693442e+00,0.000000000000000000e+00,0.000000000000000000e+00,6.655051317699253559e+02,9.127590140136359481e-05,5.214179345640765567e-04,3.678103510364652568e-06
-5.260026578080141846e+00,-3.238203427200609524e-02,-5.432928796149790287e+02,0.000000000000000000e+00,0.000000000000000000e+00,-1.229153938530199351e-05,-1.443811352579952079e+00,0.000000000000000000e+00,0.000000000000000000e+00,-1.048046320073306561e+03,-1.425791444839477466e-04,-1.424916371526805010e-03,-6.162172117424090364e-06
6.787189439261900326e+00,1.280585324567790756e-02,1.917052929261699319e+02,0.000000000000000000e+00,0.000000000000000000e+00,5.065762698868083258e-06,8.283436155900854025e-01,0.000000000000000000e+00,0.000000000000000000e+00,3.709799746451899409e+02,5.081051335818462559e-05,-6.571095957597176138e-05,1.920752880718756645e-06
6.314221492065696495e+00,1.702089585956973600e-02,2.621383288800716400e+02,0.000000000000000000e+00,0.000000000000000000e+00,6.884466956985130546e-06,9.753980927281451496e-01,0.000000000000000000e+00,0.000000000000000000e+00,5.070865690149366856e+02,7.018158969857207546e-05,5.369525793645782766e-04,3.056355167899752884e-06
3.221842904683713815e+00,2.739254007824127313e-01,7.266590665727853775e+03,0.000000000000000000e+00,0.000000000000000000e+00,1.325672824359447961e-04,1.987932059365005610e+00,0.000000000000000000e+00,0.000000000000000000e+00,2.128841423089057207e+04,1.290380357583363570e-03,1.097977000327153285e-01,6.668414758084409812e-05
-3.947396724557409087e+00,-4.431942127772440232e-01,-4.741876885373145342e+03,0.000000000000000000e+00,0.000000000000000000e+00,-7.108239940960321842e-05,-1.558632007013855736e+00,0.000000000000000000e+00,0.000000000000000000e+00,-2.072013235649373382e+04,-9.018452710439708734e-04,-9.170796918926435448e-02,-7.091458018469072870e-05
5.848906262463740902e+00,2.892115874820168006e-02,6.418903239145874977e+02,0.000000000000000000e+00,0.000000000000000000e+00,1.150011620671697013e-05,9.045326763006648063e-01,0.000000000000000000e+00,0.000000000000000000e+00,1.194526036486029625e+03,1.573201118816289256e-04,4.597004099957480681e-03,8.821848439299784470e-06
6.265828785075147067e+00,2.301630200470859006e-02,4.832838388830423355e+02,0.000000000000000000e+00,0.000000000000000000e+00,9.023624894276767358e-06,7.656563079547858974e-01,0.000000000000000000e+00,0.000000000000000000e+00,9.067494612783193588e+02,1.200735672790549348e-04,3.045407304864275726e-03,6.590930815837140816e-06
7.076411308537113420e+00,1.981630741293613843e-02,3.958730315193533897e+02,0.000000000000000000e+00,0.000000000000000000e+00,8.280140709434377877e-06,7.005428387796628353e-01,0.000000000000000000e+00,0.000000000000000000e+00,7.476799456030130386e+02,1.003270236649939995e-04,2.296953699685614150e-03,5.646814717584450831e-06
6.546264621547042140e+00,1.426803353810752323e-02,2.728552094325423241e+02,0.000000000000000000e+00,0.000000000000000000e+00,5.282167592394272003e-06,5.355279456386280446e-01,0.000000000000000000e+00,0.000000000000000000e+00,5.180777821019291878e+02,6.941870687223033738e-05,1.306966308000710774e-03,3.480806516887979909e-06
-4.077307475179769080e-04,-2.326048924197832157e-01,-1.052487719784677029e+04,0.000000000000000000e+00,0.000000000000000000e+00,-1.589985492834335276e-04,-4.762091822225932525e+00,0.000000000000000000e+00,0.000000000000000000e+00,-1.855693890244513750e+04,-2.078570538653806959e-03,-1.172263513102550087e-01,-1.102760510359791530e-04
-4.342840941357056783e-01,-2.201096231010473137e-01,-1.164671086159348488e+04,0.000000000000000000e+00,0.000000000000000000e+00,-1.841301052754947161e-04,-4.293851615162918023e+00,0.000000000000000000e+00,0.000000000000000000e+00,-2.113561011046916246e+04,-2.196620065992401470e-03,-1.336632804316898182e-01,-1.038156730991858121e-04
1.481050318998531790e+00,2.084637463763627518e-01,1.188170927439630032e+04,0.000000000000000000e+00,0.000000000000000000e+00,2.011159032756530067e-04,3.657912711078794565e+00,0.000000000000000000e+00,0.000000000000000000e+00,2.324668183612078428e+04,2.155064646659887034e-03,1.426343592101290969e-01,9.074683615957411758e-05
2.548996488156123785e+00,2.146070225177797164e-01,1.020874257092364132e+04,0.000000000000000000e+00,0.000000000000000000e+00,1.844701470322259406e-04,2.796494745976330076e+00,0.000000000000000000e+00,0.000000000000000000e+00,2.316149892093054950e+04,1.806754523522202411e-03,1.328167822254920916e-01,7.553264080923042102e-05
4.124626644816589582e+00,7.576229176384487174e-02,1.427406219944357872e+03,0.000000000000000000e+00,0.000000000000000000e+00,2.889588536413547067e-05,2.547411428337563066e+00,0.000000000000000000e+00,0.000000000000000000e+00,2.733236140519380569e+03,3.641309314066786700e-04,7.115977137461457908e-03,1.816463873638261709e-05
5.001774517952150667e+00,5.093908630463943321e-02,8.996587425789912231e+02,0.000000000000000000e+00,0.000000000000000000e+00,1.947687634204458673e-05,1.977073367081105815e+00,0.000000000000000000e+00,0.000000000000000000e+00,1.730272959081979934e+03,2.332256625027327853e-04,3.602962922335676936e-03,1.089069587101748162e-05
-7.060234809526044764e+00,-8.395727918318912630e-02,-5.408505140542984009e+02,0.000000000000000000e+00,0.000000000000000000e+00,-1.766411411580464451e-05,-6.990317367807027393e-01,0.000000000000000000e+00,0.000000000000000000e+00,-1.179044863183051348e+03,-1.464530338360981777e-04,3.043178002595681164e-03,-3.016160951469132095e-06
-6.661684294273051421e+00,-5.041718097221892930e-02,-3.424026583433151245e+02,0.000000000000000000e+00,0.000000000000000000e+00,-1.132114435112591522e-05,-5.448272277168670907e-01,0.000000000000000000e+00,0.000000000000000000e+00,-7.234595832228660583e+02,-9.179312657644978152e-05,2.054063646914807816e-03,-1.625106277813631387e-06
-6.176256672186204888e+00,-2.027783844822226844e-01,-1.136730433052405715e+03,0.000000000000000000e+00,0.000000000000000000e+00,-3.324190961514114618e-05,-9.553063499902469946e-01,0.000000000000000000e+00,0.000000000000000000e+00,-2.769726488135755062e+03,-3.135098407845488184e-04,5.336294249974833474e-03,-7.354910894782672427e-06
6.527608271761858205e+00,1.267278048916780642e-01,7.659387721680104733e+02,0.000000000000000000e+00,0.000000000000000000e+00,2.376433740260888497e-05,7.975554748395136118e-01,0.000000000000000000e+00,0.000000000000000000e+00,1.747197803229093552e+03,2.089088818635029569e-04,-4.126849244890220224e-03,4.160294515689111607e-06
1.847749145504845592e+00,1.860370295750840841e-01,4.112143372340593487e+03,0.000000000000000000e+00,0.000000000000000000e+00,7.294483694963924396e-05,4.563129792660697071e+00,0.000000000000000000e+00,0.000000000000000000e+00,7.800018673753365874e+03,9.997929514171167466e-04,3.055542505877626228e-02,5.642474469969664392e-05
-2.842308950253627398e+00,-1.080475334689480482e-01,-2.195289922446012497e+03,0.000000000000000000e+00,0.000000000000000000e+00,-4.152199914622481267e-05,-3.120093440237851290e+00,0.000000000000000000e+00,0.000000000000000000e+00,-4.181247432019561529e+03,-5.487798982088133151e-04,-1.379261783241306563e-02,-2.917883627872856580e-05
-1.289982067481296006e-03,-3.196036711702264221e-01,-7.923893590167164803e+03,0.000000000000000000e+00,0.000000000000000000e+00,-1.333922774494538462e-04,-5.241140054862975184e+00,0.000000000000000000e+00,0.000000000000000000e+00,-1.546970856867358088e+04,-1.827786977372803214e-03,-7.237747619427330192e-02,-1.073566221342466464e-04
5.311741461298558065e-01,2.560112433151521261e-01,6.120853959858417511e+03,0.000000000000000000e+00,0.000000000000000000e+00,1.043395124116428934e-04,5.228094035850711307e+00,0.000000000000000000e+00,0.000000000000000000e+00,1.165310713718831539e+04,1.445100246690594111e-03,5.161927415954144921e-02,8.443990416407481047e-05
-5.664629979404577576e+00,-3.885968883189071243e-02,-9.199370760992169380e+02,0.000000000000000000e+00,0.000000000000000000e+00,-1.595751443560307058e-05,-1.143832896750730965e+00,0.000000000000000000e+00,0.000000000000000000e+00,-1.695003623418509960e+03,-2.210965427055563829e-04,-7.311527537759096758e-03,-1.277428795599444576e-05
5.408614140862638919e+00,5.349288376723976279e-02,1.366140887498855591e+03,0.000000000000000000e+00,0.000000000000000000e+00,2.248229180176014271e-05,1.486381053956314036e+00,0.000000000000000000e+00,0.000000000000000000e+00,2.487068786971271038e+03,3.210448443738487655e-04,1.185464582598071658e-02,1.919063603757031308e-05
2.892014228436072365e+00,1.313959211653120129e-01,4.622616070680320263e+03,0.000000000000000000e+00,0.000000000000000000e+00,6.776751068036422436e-05,3.177859745930506463e+00,0.000000000000000000e+00,0.000000000000000000e+00,8.029157472670078278e+03,9.866163719664080341e-04,4.833441176367499204e-02,5.959919064564613033e-05
1.562590373565961421e+00,1.633760982894525704e-01,6.676967154495418072e+03,0.000000000000000000e+00,0.000000000000000000e+00,9.600253174644682178e-05,3.860840662076063357e+00,0.000000000000000000e+00,0.000000000000000000e+00,1.140869151500612497e+04,1.365420127133065362e-03,7.271149703111060014e-02,7.890148290468344025e-05
4.880098451342511190e+00,7.333641098015634963e-02,2.047338332705199718e+03,0.000000000000000000e+00,0.000000000000000000e+00,3.237175494127653819e-05,1.931329796277957422e+00,0.000000000000000000e+00,0.000000000000000000e+00,3.675066718697547913e+03,4.686330630511517398e-04,1.913939515885234796e-02,2.853855986389027102e-05
4.489122388527776231e+00,1.104994112439027232e-01,3.428377282753586769e+03,0.000000000000000000e+00,0.000000000000000000e+00,5.197458814694592782e-05,2.775025179212203152e+00,0.000000000000000000e+00,0.000000000000000000e+00,6.056821349143981934e+03,7.600362257661002173e-04,3.409479587297131742e-02,4.671411381974842640e-05
6.454199198750505850e+00,6.589279512951365936e-01,1.616072419285774231e+02,0.000000000000000000e+00,0.000000000000000000e+00,-3.646651733473552207e-05,5.290371036010251826e-01,0.000000000000000000e+00,0.000000000000000000e+00,9.041200352638959885e+03,1.756855483074448536e-04,1.476629096781047375e-02,3.228739565901095706e-05
-6.039635115412395727e+00,-7.401901779382248359e-01,3.146030802261084318e+02,0.000000000000000000e+00,0.000000000000000000e+00,6.076808202679919672e-05,-5.986490305233644893e-01,0.000000000000000000e+00,0.000000000000000000e+00,-1.202252563115023077e+04,-5.253766777088645376e-05,-2.941572840209438072e-02,-4.193701647316660976e-05
5.002216272714902212e-01,2.087394598589910333e-01,1.022626029652357101e+04,0.000000000000000000e+00,0.000000000000000000e+00,1.468397467664298700e-04,4.933211805604593714e+00,0.000000000000000000e+00,0.000000000000000000e+00,1.724776270122826099e+04,1.993460156977751828e-03,1.144463670852102211e-01,1.062337465255767184e-04
6.986211963408834030e-04,2.077270729030557261e-01,1.260484483693540096e+04,0.000000000000000000e+00,0.000000000000000000e+00,1.843826634574021058e-04,5.083635832215154693e+00,0.000000000000000000e+00,0.000000000000000000e+00,2.115702935965359211e+04,2.337090365851226485e-03,1.434692023051346299e-01,1.093232543640745049e-04
1.387035150483725721e+00,1.072901339623933276e-01,1.222943355566635728e+04,0.000000000000000000e+00,0.000000000000000000e+00,2.001780992549409565e-04,3.437815158002591964e+00,0.000000000000000000e+00,0.000000000000000000e+00,2.153433114339224994e+04,2.025703293207635047e-03,1.452409183363925771e-01,5.720635295416258821e-05
2.541152680037773059e+00,6.885176281369119466e-02,1.149779814955592155e+04,0.000000000000000000e+00,0.000000000000000000e+00,2.042132531183362863e-04,2.798162989440591275e+00,0.000000000000000000e+00,0.000000000000000000e+00,2.188261358800530434e+04,1.795754965606135515e-03,1.433455050230432459e-01,3.471441943205375887e-05
-5.996746868164842380e-04,-1.708733802115645628e-01,-1.054573513744771481e+04,0.000000000000000000e+00,0.000000000000000000e+00,-1.547958866426488384e-04,-4.198633004957891046e+00,0.000000000000000000e+00,0.000000000000000000e+00,-1.770524234461784363e+04,-1.947722266243078620e-03,-1.201711412156547670e-01,-9.000497138888846269e-05
-4.532481218224559405e-01,-1.670043716989456084e-01,-1.348421829783171415e+04,0.000000000000000000e+00,0.000000000000000000e+00,-2.066856850570494082e-04,-4.498859767226887740e+00,0.000000000000000000e+00,0.000000000000000000e+00,-2.288204608108103275e+04,-2.363078294107848979e-03,-1.563351451719059981e-01,-8.952020185558789186e-05
5.057484241486683629e+00,1.879182118059732065e-01,5.349046061715111136e+03,0.000000000000000000e+00,0.000000000000000000e+00,1.078164116623059950e-04,1.391236610865133505e+00,0.000000000000000000e+00,0.000000000000000000e+00,2.182513964136131108e+04,6.227686587646403833e-04,1.168894979387072319e-01,2.121198768168209111e-05
-5.473601841504896370e+00,-3.730226165927038595e-01,-2.595525156673043966e+03,0.000000000000000000e+00,0.000000000000000000e+00,-3.252748891778261799e-05,-1.105266000725621423e+00,0.000000000000000000e+00,0.000000000000000000e+00,-2.095704353561252356e+04,-2.131137585068982861e-04,-9.997437301066987303e-02,-3.395167783860284096e-05
3.761297125556107179e+00,5.591503704502636535e-02,1.051055240952037275e+04,0.000000000000000000e+00,0.000000000000000000e+00,2.029245802118561780e-04,2.328891042337898121e+00,0.000000000000000000e+00,0.000000000000000000e+00,2.299585263296775520e+04,1.536095381650236496e-03,1.438856479288570522e-01,2.034126238699292854e-05
4.058173894065143728e+00,7.709953032947094997e-02,7.278106832012534142e+03,0.000000000000000000e+00,0.000000000000000000e+00,1.494402920747120510e-04,1.607879283836816331e+00,0.000000000000000000e+00,0.000000000000000000e+00,2.012267718585580587e+04,9.758909727093040363e-04,1.180358360919552957e-01,1.358449391295706513e-05
-5.523287301834819196e+00,-5.696043493489409970e-01,-4.442954005375504494e+02,0.000000000000000000e+00,0.000000000000000000e+00,3.429476983791027118e-05,-8.549307001915068538e-01,0.000000000000000000e+00,0.000000000000000000e+00,-1.822508967358618975e+04,3.339517213708855398e-05,-7.518723948412348035e-02,-4.519479855332473786e-05
-6.090242271912654992e+00,-7.608057154352095841e-01,4.583215381130576134e+02,0.000000000000000000e+00,0.000000000000000000e+00,7.000563940592632276e-05,-7.448510891138362400e-01,0.000000000000000000e+00,0.000000000000000000e+00,-1.622310764774307609e+04,6.202709926677585080e-05,-5.374231892614741990e-02,-5.058527206474339877e-05
5.185263206528786029e+00,7.773480925467474156e-01,3.906542654052376747e+03,0.000000000000000000e+00,0.000000000000000000e+00,7.251261498665486239e-05,2.053227927707399481e+00,0.000000000000000000e+00,0.000000000000000000e+00,1.307546482571959496e+04,1.142147032395166668e-03,6.638607654604431786e-03,5.519485625889870557e-05
4.118903465620426196e+00,8.241513051057540729e-01,5.327142904367297888e+03,0.000000000000000000e+00,0.000000000000000000e+00,8.725670642927844305e-05,2.549327181278358889e+00,0.000000000000000000e+00,0.000000000000000000e+00,1.778799492519348860e+04,1.494269768180539470e-03,3.042312859352572577e-02,8.690193294441868647e-05
-2.687396772449518245e+00,-6.357222824830376373e-01,-6.634380533169955015e+03,0.000000000000000000e+00,0.000000000000000000e+00,-1.126421663612419175e-04,-2.955009334490707573e+00,0.000000000000000000e+00,0.000000000000000000e+00,-1.916108471123874187e+04,-1.702422060027262984e-03,-5.515919031922010551e-02,-1.045474425564175248e-04
1.381657975289763307e+00,4.402325584897751609e-01,7.497411881437525153e+03,0.000000000000000000e+00,0.000000000000000000e+00,1.312201737396761635e-04,3.418001711335997062e+00,0.000000000000000000e+00,0.000000000000000000e+00,1.798856775626726449e+04,1.780965090486622340e-03,6.946793169465527440e-02,1.061783936544884540e-04
-4.410431673171200662e-01,-3.631124530149691387e-01,-8.291251734435558319e+03,0.000000000000000000e+00,0.000000000000000000e+00,-1.424578028736611581e-04,-4.361700150417889610e+00,0.000000000000000000e+00,0.000000000000000000e+00,-1.737996620227396488e+04,-1.904824129483579515e-03,-7.808982003164939567e-02,-1.113329628329340251e-04
-1.246433065845494554e-03,-2.916968264005370126e-01,-7.230826302200555801e+03,0.000000000000000000e+00,0.000000000000000000e+00,-1.216164640490129296e-04,-4.745491303974008090e+00,0.000000000000000000e+00,0.000000000000000000e+00,-1.413709301826357841e+04,-1.666972945459157867e-03,-6.616912548827517948e-02,-9.786567038819551662e-05
-6.768470514747026989e+00,-8.780790477318141732e-03,-1.343925908058881760e+02,0.000000000000000000e+00,0.000000000000000000e+00,-3.522245304898254237e-06,-5.520767838407281136e-01,0.000000000000000000e+00,0.000000000000000000e+00,-2.598662301823496819e+02,-3.550780827054583446e-05,-1.027597202862228203e-04,-1.270761010847579696e-06
6.452323965246410609e+00,1.121360371207850634e-02,1.754299276801757514e+02,0.000000000000000000e+00,0.000000000000000000e+00,4.287500970954274044e-06,6.373371709517536843e-01,0.000000000000000000e+00,0.000000000000000000e+00,3.389815067405579612e+02,4.670189658550453500e-05,4.069701830241699179e-04,1.945293070350181939e-06
-6.377454128840098768e+00,-3.614815686524195937e-01,-1.868154799070209265e+03,0.000000000000000000e+00,0.000000000000000000e+00,-4.959701411813680115e-05,-1.288869424541686293e+00,0.000000000000000000e+00,0.000000000000000000e+00,-4.998050190597772598e+03,-5.257501205773468939e-04,6.445714618047843764e-03,-1.483732835111424298e-05
-5.836367308404688536e+00,-5.616310715057234448e-01,-2.729527971502393484e+03,0.000000000000000000e+00,0.000000000000000000e+00,-6.148612882662024331e-05,-1.605546821360563703e+00,0.000000000000000000e+00,0.000000000000000000e+00,-8.225554186943918467e+03,-7.881227623886538766e-04,4.434751687491614650e-03,-2.890412521734850350e-05
-3.962716034919291808e+00,-8.260029111317783446e-02,-1.759730706224218011e+03,0.000000000000000000e+00,0.000000000000000000e+00,-3.236511484105747996e-05,-2.445026792329307419e+00,0.000000000000000000e+00,0.000000000000000000e+00,-3.314451925560832024e+03,-4.350099371963713803e-04,-1.191581150159151496e-02,-2.386533414085729283e-05
-4.708211317717998945e+00,-5.586181851458972558e-02,-1.102049149744212627e+03,0.000000000000000000e+00,0.000000000000000000e+00,-2.123836883804379547e-05,-1.859605995191610184e+00,0.000000000000000000e+00,0.000000000000000000e+00,-2.093304791957139969e+03,-2.784499439925060748e-04,-5.993324515433446319e-03,-1.442789449649299849e-05
5.217228408418643326e+00,3.831960462698691394e-02,7.096259910315275192e+02,0.000000000000000000e+00,0.000000000000000000e+00,1.459322260808223859e-05,1.431119984750327534e+00,0.000000000000000000e+00,0.000000000000000000e+00,1.356471945421770215e+03,1.823885010304388877e-04,3.220987308588627984e-03,8.843896794449576453e-06
6.124289679257149288e+00,2.959418482238853135e-02,5.194675488770008087e+02,0.000000000000000000e+00,0.000000000000000000e+00,1.123286634872166949e-05,1.234300887181258632e+00,0.000000000000000000e+00,0.000000000000000000e+00,9.974582175984978676e+02,1.351333407862707122e-04,1.943503784839806497e-03,6.118874335158469436e-06
-4.360105996277645096e-04,-2.826211832865079265e-01,-9.055885494293645024e+03,0.000000000000000000e+00,0.000000000000000000e+00,-1.433503236499321192e-04,-4.979892689172579878e+00,0.000000000000000000e+00,0.000000000000000000e+00,-1.691684333105385303e+04,-1.949365974570292301e-03,-9.365216137587949186e-02,-1.134500476216700280e-04
4.704628892526017125e-01,2.273728813490361877e-01,6.625789477725513279e+03,0.000000000000000000e+00,0.000000000000000000e+00,1.047364445755213295e-04,4.636821742337625452e+00,0.000000000000000000e+00,0.000000000000000000e+00,1.219720358821097761e+04,1.479583787820096729e-03,6.454287173206194050e-02,8.854483953488495476e-05
1.682927975493838213e+00,1.787494557241626203e-01,4.646352802116423845e+03,0.000000000000000000e+00,0.000000000000000000e+00,7.653320890005814784e-05,4.149257192411002215e+00,0.000000000000000000e+00,0.000000000000000000e+00,8.580937019914388657e+03,1.079209809944649571e-03,4.169091381883396202e-02,6.441841630069661175e-05
2.980973780068734591e+00,1.244806369533414947e-01,2.909523938894271851e+03,0.000000000000000000e+00,0.000000000000000000e+00,5.016546601724877535e-05,3.269486795247500854e+00,0.000000000000000000e+00,0.000000000000000000e+00,5.425051980867981911e+03,6.985584478867350264e-04,2.266776735029874326e-02,4.017223738125254084e-05
-6.749411069034673361e+00,-2.242651451502972529e-02,-3.766598506905138493e+02,0.000000000000000000e+00,0.000000000000000000e+00,-8.458378620950421085e-06,-1.041573461762640873e+00,0.000000000000000000e+00,0.000000000000000000e+00,-7.254828419387340546e+02,-9.876793517901751572e-05,-1.055463883911545711e-03,-4.161747682459106537e-06
-6.861789395574180439e+00,-1.635356413077337229e-02,-2.627312592547386885e+02,0.000000000000000000e+00,0.000000000000000000e+00,-6.752047772483136554e-06,-8.372982247988615123e-01,0.000000000000000000e+00,0.000000000000000000e+00,-5.070520947198383510e+02,-7.023876084572066930e-05,-6.067561972283562217e-04,-2.984548300431043898e-06
6.561842555311049097e+00,1.039728877624944980e-01,5.846589730419218540e+02,0.000000000000000000e+00,0.000000000000000000e+00,1.824023637022987530e-05,5.367390027251850437e-01,0.000000000000000000e+00,0.000000000000000000e+00,1.379355782374739647e+03,1.597427474444780451e-04,-2.818508146798291356e-03,3.429379862439744933e-06
6.821805342932762528e+00,1.714070046166443761e-01,8.844707501158118248e+02,0.000000000000000000e+00,0.000000000000000000e+00,2.553067966525866906e-05,6.750211533730268165e-01,0.000000000000000000e+00,0.000000000000000000e+00,2.239222300969064236e+03,2.449937971851118583e-04,-4.228268806587229603e-03,5.726704384085348279e-06
2.558538837678046463e+00,4.647087489560474682e-01,8.018041189290583134e+03,0.000000000000000000e+00,0.000000000000000000e+00,1.365063765705525967e-04,2.810589619734507494e+00,0.000000000000000000e+00,0.000000000000000000e+00,2.192921690328232944e+04,1.763903949933461578e-03,9.518514575210447470e-02,1.093879198932273616e-04
-1.370616843453227984e+00,-3.333655615878237111e-01,-9.138652756871189922e+03,0.000000000000000000e+00,0.000000000000000000e+00,-1.565825236657349335e-04,-3.388515156584060772e+00,0.000000000000000000e+00,0.000000000000000000e+00,-2.031780413826368749e+04,-1.918177006585682813e-03,-1.026934354907124702e-01,-1.076811052358068050e-04
-4.093561540322198766e+00,-7.509553394141410543e-01,-3.598150911770761013e+03,0.000000000000000000e+00,0.000000000000000000e+00,-3.879397438203583748e-05,-1.619381293571091618e+00,0.000000000000000000e+00,0.000000000000000000e+00,-1.632503936788067222e+04,-1.024549149263200573e-03,-3.677477801174999783e-02,-7.638837566527497108e-05
3.564854490288432931e+00,6.550291973623662001e-01,5.766272478304803371e+03,0.000000000000000000e+00,0.000000000000000000e+00,8.417037679759151625e-05,2.203033889320630490e+00,0.000000000000000000e+00,0.000000000000000000e+00,2.083627479793876410e+04,1.417377712243432248e-03,7.041110756427258754e-02,1.018374073008476927e-04
5.798187947858330027e+00,6.183651427919133470e-01,2.260162420824170113e+03,0.000000000000000000e+00,0.000000000000000000e+00,3.819184887287057647e-05,1.171021539049893256e+00,0.000000000000000000e+00,0.000000000000000000e+00,8.792759909044951200e+03,6.872547046063675995e-04,1.024441709260944314e-03,3.257988605505602139e-05
5.074208814598471839e+00,7.760672007874330758e-01,2.809303148657083511e+03,0.000000000000000000e+00,0.000000000000000000e+00,3.262161462832809615e-05,1.394313403987467170e+00,0.000000000000000000e+00,0.000000000000000000e+00,1.286290743394196033e+04,8.658758363748923033e-04,1.491629127836645308e-02,5.480507583785697810e-05
5.761919321094122637e+00,2.357622431255504969e-01,1.093437066487967968e+03,0.000000000000000000e+00,0.000000000000000000e+00,2.872190921346070005e-05,7.041725497582952409e-01,0.000000000000000000e+00,0.000000000000000000e+00,3.064723462082445621e+03,3.100436158429063739e-04,-4.273220496189594070e-03,8.626614346626388350e-06
-6.214274984750867148e+00,-4.172169818854261636e-01,-1.710247542716562748e+03,0.000000000000000000e+00,0.000000000000000000e+00,-3.818572608109425042e-05,-9.613211334970811484e-01,0.000000000000000000e+00,0.000000000000000000e+00,-5.535668643198907375e+03,-5.007376295590173446e-04,3.973830355973440205e-03,-1.779408983649609407e-05
-1.656357866249989937e-03,-2.570639482802639098e-01,-8.260488625288009644e+03,0.000000000000000000e+00,0.000000000000000000e+00,-1.309320498026695018e-04,-4.499911867931056797e+00,0.000000000000000000e+00,0.000000000000000000e+00,-1.545075252938270569e+04,-1.776407345157012376e-03,-8.569516848087199712e-02,-1.032418949446074855e-04
-4.280790270664570629e-01,-2.965933698982223810e-01,-9.684280618317425251e+03,0.000000000000000000e+00,0.000000000000000000e+00,-1.589017814905324449e-04,-4.235045950652503777e+00,0.000000000000000000e+00,0.000000000000000000e+00,-1.910736053904145956e+04,-2.030861964142372401e-03,-1.044175351195001378e-01,-1.134782636032140318e-04
6.819364224795248397e+00,1.544341928295605085e-02,2.694026097133755684e+02,0.000000000000000000e+00,0.000000000000000000e+00,6.015243961732377864e-06,6.724420329961020570e-01,0.000000000000000000e+00,0.000000000000000000e+00,5.168028699159622192e+02,7.044170580253445813e-05,1.015623562389974871e-03,3.274507810098091823e-06
6.857106462198895969e+00,1.184070395640346614e-02,1.997515115216374397e+02,0.000000000000000000e+00,0.000000000000000000e+00,4.430324881358414057e-06,5.587393431980423042e-01,0.000000000000000000e+00,0.000000000000000000e+00,3.842125341817736626e+02,5.231354622708264066e-05,4.732869925392855777e-04,2.189756851152897971e-06
-5.511571066403298857e+00,-2.291779575587505127e-02,-4.371259950008243322e+02,0.000000000000000000e+00,0.000000000000000000e+00,-8.893167207301711427e-06,-8.491917917023037443e-01,0.000000000000000000e+00,0.000000000000000000e+00,-8.314104715511202812e+02,-1.113571347204730158e-04,-2.159847784594145191e-03,-5.532071595038986730e-06
-6.030524296836151876e+00,-1.829810180084060628e-02,-3.320165815800428391e+02,0.000000000000000000e+00,0.000000000000000000e+00,-7.026596797355973129e-06,-7.343741950988774692e-01,0.000000000000000000e+00,0.000000000000000000e+00,-6.346205504983663559e+02,-8.576395401581617356e-05,-1.516385416775662028e-03,-4.125843170416976595e-06
5.605650771726914172e+00,4.902993215477371991e-02,1.054165385201573372e+03,0.000000000000000000e+00,0.000000000000000000e+00,1.923361048387652492e-05,1.535181188519779028e+00,0.000000000000000000e+00,0.000000000000000000e+00,1.974882479593157768e+03,2.603130494561604392e-04,7.028057418476219703e-03,1.415208297301364015e-05
-5.636935608135227760e+00,-3.333184206043188907e-02,-6.707005305141210556e+02,0.000000000000000000e+00,0.000000000000000000e+00,-1.318040788836290096e-05,-1.134298585767327339e+00,0.000000000000000000e+00,0.000000000000000000e+00,-1.267332450967282057e+03,-1.688127869539141795e-04,-3.894151525043775593e-03,-8.939711008212948584e-06
4.004144932095335285e+00,9.296627036823019996e-02,2.371671224050223827e+03,0.000000000000000000e+00,0.000000000000000000e+00,3.920984209949930703e-05,2.466959120721162080e+00,0.000000000000000000e+00,0.000000000000000000e+00,4.337298514164984226e+03,5.566120690272517452e-04,2.058364074080049413e-02,3.316678976399451838e-05
5.121565610535466107e+00,7.017194530059160662e-02,1.630119730800390244e+03,0.000000000000000000e+00,0.000000000000000000e+00,2.809394794233956378e-05,2.019915316349726098e+00,0.000000000000000000e+00,0.000000000000000000e+00,3.020907960109412670e+03,3.932623461363850335e-04,1.250134402443129657e-02,2.248817493331396094e-05
