0.000000000000000000e+00,0.000000000000000000e+00,4.445259421445429325e+03,1.940371325971445016e-01,1.058067570982812011e+00,6.154198459880449144e-05,0.000000000000000000e+00,1.598086446231937741e-01,1.114916344438456886e-01,2.336928496757522225e+03,1.058941381489753942e-03,0.000000000000000000e+00,1.794770327417310714e-03
0.000000000000000000e+00,0.000000000000000000e+00,4.273027871221303940e+03,1.230190719018971757e-01,1.015295245333276419e+00,6.583926834002255639e-05,0.000000000000000000e+00,1.941176197667228709e-01,-4.186783899759338734e-02,3.065868665315210819e+03,1.145822104535659108e-03,0.000000000000000000e+00,2.127421251338908453e-03
0.000000000000000000e+00,0.000000000000000000e+00,4.327204755321145058e+03,-1.843247294774738240e-02,4.762618038556917233e-01,4.359133840584613085e-06,0.000000000000000000e+00,6.487533723377858497e-01,-4.226469181083415683e-02,3.470780506864190102e+03,1.736628831061384250e-03,0.000000000000000000e+00,2.982892432934807804e-03
0.000000000000000000e+00,0.000000000000000000e+00,-4.011186105437576771e+03,-6.242222586091208947e-03,-2.367821794624726806e-01,-3.099633039748514580e-06,0.000000000000000000e+00,-7.270879992266032765e-01,4.418531035969675003e-03,-2.998346255000680685e+03,-1.592303951171819684e-03,0.000000000000000000e+00,-2.781913531367314306e-03
0.000000000000000000e+00,0.000000000000000000e+00,-4.416867219671607018e+03,-2.936142378188014504e-02,-7.758228965826621804e-02,-2.912147938771719938e-06,0.000000000000000000e+00,-9.554445310463559604e-01,-3.146026339648638759e-02,-3.090243559407070279e+03,-1.712397259823587176e-03,0.000000000000000000e+00,-3.078836480853075399e-03
0.000000000000000000e+00,0.000000000000000000e+00,-4.011091569960117340e+03,-4.209804771753796609e-02,-5.327768099581826596e-04,-2.804617759085748904e-06,0.000000000000000000e+00,-1.018576629721739790e+00,-5.847739488289782628e-02,-2.648902207478880882e+03,-1.510150844312754728e-03,0.000000000000000000e+00,-2.809446168104735592e-03
0.000000000000000000e+00,0.000000000000000000e+00,3.973826778640970588e+03,3.736755447940918323e-02,9.384044675689265924e-01,4.220679373108759920e-05,0.000000000000000000e+00,2.345248552130725361e-01,-1.083753732377236711e-01,3.406497583724558353e+03,1.217364140917013378e-03,0.000000000000000000e+00,2.303105494512094203e-03
0.000000000000000000e+00,0.000000000000000000e+00,4.144828273979946971e+03,-2.228286062841263251e-02,9.309764528047005383e-01,2.227034605685181639e-05,0.000000000000000000e+00,3.169125546224220713e-01,-1.277127475129303524e-01,3.792990120405331254e+03,1.435571196203588818e-03,0.000000000000000000e+00,2.631568963832583118e-03
0.000000000000000000e+00,0.000000000000000000e+00,4.418160295031964779e+03,-4.892831531904630327e-02,8.780445927946212148e-01,1.094739952540310919e-05,0.000000000000000000e+00,4.305993674259355197e-01,-1.164085837106885318e-01,3.998535756416618824e+03,1.670541476534422812e-03,0.000000000000000000e+00,2.941677925216733269e-03
0.000000000000000000e+00,0.000000000000000000e+00,4.251233181621879339e+03,-4.005920246252512446e-02,6.763077167974788084e-01,5.982802210907898929e-06,0.000000000000000000e+00,5.183837029623628023e-01,-7.872455119441131022e-02,3.651699465461075306e+03,1.683895001022882873e-03,0.000000000000000000e+00,2.896323405587486900e-03
0.000000000000000000e+00,0.000000000000000000e+00,4.943281036891043186e+03,1.413284066620372481e-01,8.116550309518122397e-01,2.009007636609305776e-05,0.000000000000000000e+00,3.987887936594244898e-01,2.194362300797455256e-01,2.490705332525074482e+03,1.450695847912055131e-03,0.000000000000000000e+00,2.820697881558900146e-03
0.000000000000000000e+00,0.000000000000000000e+00,-4.510894189750310034e+03,-9.837630719491746722e-02,-6.092358365860670588e-01,-2.086963801691512751e-05,0.000000000000000000e+00,-4.676024152243509202e-01,-1.019643498235937168e-01,-2.703068016371224076e+03,-1.480983213637846298e-03,0.000000000000000000e+00,-2.805250236039708196e-03
0.000000000000000000e+00,0.000000000000000000e+00,-4.437516350718215108e+03,-1.143900916645514410e-01,-1.111883003058950825e+00,3.307492465294623995e-05,0.000000000000000000e+00,-2.800746946539470761e-01,-5.970478620689277927e-01,-1.287772080468479544e+03,-9.637727506815976135e-04,0.000000000000000000e+00,-2.111212063290594885e-03
0.000000000000000000e+00,0.000000000000000000e+00,-4.530886532023549080e+03,-1.385413956906445254e-01,-8.918692569146934312e-01,3.371169813587555932e-06,0.000000000000000000e+00,-3.047786615420750023e-01,-3.780439750056610593e-01,-1.746628552615642548e+03,-1.152503646412244729e-03,0.000000000000000000e+00,-2.331336199826112513e-03
0.000000000000000000e+00,0.000000000000000000e+00,-4.563885009840130806e+03,-6.741788983719422534e-02,-8.522128457172717386e-02,-7.032111049572731209e-06,0.000000000000000000e+00,-1.045073799370219714e+00,-1.000232609053779559e-01,-2.839556512668728828e+03,-1.633323063840825748e-03,0.000000000000000000e+00,-3.149937294585986036e-03
0.000000000000000000e+00,0.000000000000000000e+00,-3.577161110356450081e+03,-5.765873839392027245e-02,-9.565842968098556796e-04,-5.747670125626218221e-06,0.000000000000000000e+00,-1.030787403841097793e+00,-1.030363731148231932e-01,-2.128141829550266266e+03,-1.246714914568773473e-03,0.000000000000000000e+00,-2.500213286506749576e-03
0.000000000000000000e+00,0.000000000000000000e+00,4.457474334262311459e+03,7.143108850363413809e-02,4.450782325956779695e-01,1.462464812441787460e-05,0.000000000000000000e+00,6.071133108910508058e-01,6.783243683331374729e-02,2.867375160284340382e+03,1.569009992019308828e-03,0.000000000000000000e+00,2.929354798373005626e-03
0.000000000000000000e+00,0.000000000000000000e+00,-4.592003550849854946e+03,-6.470755520679886963e-02,-2.663309533310178612e-01,-9.541030871514858463e-06,0.000000000000000000e+00,-8.174389589336517048e-01,-7.572908067472351734e-02,-2.955982021428644657e+03,-1.657242300172305375e-03,0.000000000000000000e+00,-3.112340362138885184e-03
0.000000000000000000e+00,0.000000000000000000e+00,-2.666726516295224428e+03,-2.334867586397588665e-02,-1.410758182447654496e+00,1.697520545846829213e-05,0.000000000000000000e+00,-2.163129391330011475e-01,-5.964018332742045958e-01,-6.256156334504485130e+02,-4.351073812907110881e-04,0.000000000000000000e+00,-1.298603865699040402e-03
0.000000000000000000e+00,0.000000000000000000e+00,-3.662111871036700904e+03,-6.326587846091664968e-02,-1.283063204205114660e+00,3.717037008512726217e-05,0.000000000000000000e+00,-2.483538520725569188e-01,-6.780382350322574636e-01,-8.870112206647172570e+02,-6.814824879412317632e-04,0.000000000000000000e+00,-1.713682548820982159e-03
0.000000000000000000e+00,0.000000000000000000e+00,-1.821960666403174400e+02,-2.723734224735674739e-03,-1.501455473944303787e+00,-2.114945967031138047e-06,0.000000000000000000e+00,-2.265549759348416958e-01,-1.432579450099947735e-02,-8.498296604491770267e+01,-4.824409204809910394e-05,0.000000000000000000e+00,-1.330821619405481268e-04
0.000000000000000000e+00,0.000000000000000000e+00,1.429233639985322952e+02,2.060641511851430806e-03,1.630406575089928811e+00,1.787432783962909856e-06,0.000000000000000000e+00,1.994633244846435449e-01,1.169811472664556741e-02,6.592225628346204758e+01,3.697918319517614396e-05,0.000000000000000000e+00,1.044601368324646020e-04
0.000000000000000000e+00,0.000000000000000000e+00,1.027383992224931717e+02,1.411331883631718404e-03,1.580988531137098363e+00,1.357620073321698034e-06,0.000000000000000000e+00,1.598202663617106500e-01,8.727903149060283611e-03,4.692776707559823990e+01,2.607976525695056993e-05,0.000000000000000000e+00,7.525613537963427339e-05
0.000000000000000000e+00,0.000000000000000000e+00,8.161010801792144775e+01,1.079998624212094539e-03,1.656777760340520489e+00,1.169061413760128483e-06,0.000000000000000000e+00,1.407760317603208577e-01,7.147986098290239933e-03,3.695885908603668213e+01,2.053138334183923609e-05,0.000000000000000000e+00,5.973976946376683762e-05
0.000000000000000000e+00,0.000000000000000000e+00,8.574471060335636139e+02,1.474030537968178296e-02,1.280647465508581551e+00,5.801956756893715407e-06,0.000000000000000000e+00,6.253311731009472130e-01,5.270968229938940292e-02,4.273721354678273201e+02,2.502203103073346777e-04,0.000000000000000000e+00,6.203152546588955058e-04
0.000000000000000000e+00,0.000000000000000000e+00,5.321838978305459023e+02,8.866553113164690400e-03,1.324555771989149866e+00,4.298763033431488197e-06,0.000000000000000000e+00,4.493007111559972899e-01,3.534569980580778287e-02,2.597863968163728714e+02,1.508092697144722857e-04,0.000000000000000000e+00,3.861898164214227613e-04
0.000000000000000000e+00,0.000000000000000000e+00,-1.404639957994222641e+02,-2.337737772412798107e-03,-1.686862993214611528e+00,-1.111921440939911330e-06,0.000000000000000000e+00,-1.215997238460017893e-01,-9.162307469671842827e-03,-6.891275798529386520e+01,-4.018315455886957313e-05,0.000000000000000000e+00,-1.023014828439572626e-04
0.000000000000000000e+00,0.000000000000000000e+00,1.179262175709009171e+02,1.937056447909258228e-03,1.762552054864909179e+00,9.894935025886891155e-07,0.000000000000000000e+00,1.095061876857394284e-01,7.996430663951175841e-03,5.726579026877880096e+01,3.311968381482157265e-05,0.000000000000000000e+00,8.597943571133243599e-05
0.000000000000000000e+00,0.000000000000000000e+00,3.780619106553494930e+02,6.077792826751944946e-03,1.468644867312395297e+00,3.583751479784961272e-06,0.000000000000000000e+00,3.660805441562594575e-01,2.680128748886509427e-02,1.813309421502053738e+02,1.044051672471679656e-04,0.000000000000000000e+00,2.750321383943287444e-04
0.000000000000000000e+00,0.000000000000000000e+00,-8.548661620784550905e+02,-1.452802032305247106e-02,-7.749267996570838868e-01,-2.055678584683824833e-06,0.000000000000000000e+00,-3.766473290252209116e-01,-3.256275135773379487e-02,-4.806338924914598465e+02,-2.868521851034513221e-04,0.000000000000000000e+00,-6.124083605319048359e-04
0.000000000000000000e+00,0.000000000000000000e+00,-6.384669458642601967e+02,-1.110668863024141112e-02,-9.183051450936108306e-01,-1.925318015487798900e-06,0.000000000000000000e+00,-3.101696895338293403e-01,-2.705267697328978330e-02,-3.501529441550374031e+02,-2.090144753706131412e-04,0.000000000000000000e+00,-4.586215073042980016e-04
0.000000000000000000e+00,0.000000000000000000e+00,-4.730007404536008835e+02,-8.319043699546561227e-03,-1.016303088020080292e+00,-1.750461246720552544e-06,0.000000000000000000e+00,-2.522776347919812867e-01,-2.192812559886164053e-02,-2.537822745293378830e+02,-1.513292927749083623e-04,0.000000000000000000e+00,-3.406288443103437451e-04
0.000000000000000000e+00,0.000000000000000000e+00,5.848880644589662552e+02,1.030658596418779216e-02,1.793854733667071599e+00,2.523841961195980071e-06,0.000000000000000000e+00,3.409208560962744272e-01,2.927249710489077811e-02,3.077714895829558372e+02,1.828933022971132572e-04,0.000000000000000000e+00,4.220391154899736253e-04
0.000000000000000000e+00,0.000000000000000000e+00,-3.719786807224154472e+02,-6.543908452567650212e-03,-1.572339801974166340e+00,-1.888059599986224874e-06,0.000000000000000000e+00,-2.362445577424609477e-01,-1.990775975106107848e-02,-1.923990706130862236e+02,-1.140295352850590236e-04,0.000000000000000000e+00,-2.689172020879031341e-04
0.000000000000000000e+00,0.000000000000000000e+00,3.016414269693195820e+02,5.236313479111703688e-03,1.707924678649779482e+00,1.698086053599452638e-06,0.000000000000000000e+00,2.078169248093552912e-01,1.712667974840323751e-02,1.536301325149834156e+02,9.060543526661065457e-05,0.000000000000000000e+00,2.182188425844563387e-04
0.000000000000000000e+00,0.000000000000000000e+00,2.285247723460197449e+02,3.915103111211885693e-03,1.693857866665623435e+00,1.461093729407439673e-06,0.000000000000000000e+00,1.703204242606907171e-01,1.365822222991943009e-02,1.147935077026486397e+02,6.718355090175015911e-05,0.000000000000000000e+00,1.656844587042350314e-04
0.000000000000000000e+00,0.000000000000000000e+00,-1.787681570276618004e+02,-3.028108044926601343e-03,-1.700768536865174596e+00,-1.270875564448360861e-06,0.000000000000000000e+00,-1.437299869595507484e-01,-1.120316604236377099e-02,-8.869583984464406967e+01,-5.189861204594723202e-05,0.000000000000000000e+00,-1.297910509496154894e-04
0.000000000000000000e+00,0.000000000000000000e+00,5.025316984951496124e+01,6.324081799812200253e-04,1.683311219741836284e+00,7.905576518318222558e-07,0.000000000000000000e+00,1.050921106758269108e-01,4.641787290104581500e-03,2.243430379778146744e+01,1.225968944119637256e-05,0.000000000000000000e+00,3.681753260259858354e-05
0.000000000000000000e+00,0.000000000000000000e+00,-9.198030095733702183e+01,-1.355726381795510378e-03,-1.702673868611994434e+00,-1.155024086700956055e-06,0.000000000000000000e+00,-1.228782544232100843e-01,-7.372351220055905867e-03,-4.269361923821270466e+01,-2.404039416710970512e-05,0.000000000000000000e+00,-6.736536975435124491e-05
0.000000000000000000e+00,0.000000000000000000e+00,7.673927630484104156e+01,1.071123590764913765e-03,1.792521147183371744e+00,9.224346936388922946e-07,0.000000000000000000e+00,1.114458493165503827e-01,6.322013599580796062e-03,3.532644018530845642e+01,1.972157840252633060e-05,0.000000000000000000e+00,5.600967427512728116e-05
0.000000000000000000e+00,0.000000000000000000e+00,4.789221306834369898e+02,8.268438401672449992e-03,1.415978417732852490e+00,3.155816277637675194e-06,0.000000000000000000e+00,3.517192032892276776e-01,2.885875710748217818e-02,2.400656327921897173e+02,1.409838440361690156e-04,0.000000000000000000e+00,3.470127040200321087e-04
0.000000000000000000e+00,0.000000000000000000e+00,3.972388640418648720e+02,6.695293489950152228e-03,1.715807793037721352e+00,3.030710334800095098e-06,0.000000000000000000e+00,3.263451347631591837e-01,2.554010102852768624e-02,1.956801733374595642e+02,1.141198061343128635e-04,0.000000000000000000e+00,2.883983043801301356e-04
0.000000000000000000e+00,0.000000000000000000e+00,1.015511256504803896e+03,1.797373608842326234e-02,1.200430504001530396e+00,4.552736437584792799e-06,0.000000000000000000e+00,5.838039534879797543e-01,5.179596799390397827e-02,5.317931061163544655e+02,3.155051800103100389e-04,0.000000000000000000e+00,7.315195470348037675e-04
0.000000000000000000e+00,0.000000000000000000e+00,-7.119965757606551051e+02,-1.247944385226943016e-02,-1.373988093150722234e+00,-3.932855502604404398e-06,0.000000000000000000e+00,-4.642441625041812125e-01,-3.975523411686344294e-02,-3.641785551114007831e+02,-2.149558230097854488e-04,0.000000000000000000e+00,-5.144042610075953009e-04
0.000000000000000000e+00,0.000000000000000000e+00,-1.586039153411984444e+02,-2.463960646676055435e-03,-1.755029854810262302e+00,-1.649114390647191741e-06,0.000000000000000000e+00,-1.765902090842397520e-01,-1.181811339300325135e-02,-7.506734163314104080e+01,-4.302969142270776832e-05,0.000000000000000000e+00,-1.157525392196704191e-04
0.000000000000000000e+00,0.000000000000000000e+00,-1.184954218268394470e+02,-1.799483906697011250e-03,-1.710921911030832021e+00,-1.394644841515836167e-06,0.000000000000000000e+00,-1.447812352211355069e-01,-9.173601471099294968e-03,-5.550755676254630089e+01,-3.162002350050294083e-05,0.000000000000000000e+00,-8.656831922524064441e-05
0.000000000000000000e+00,0.000000000000000000e+00,-2.777321425601840019e+02,-4.574562635177462609e-03,-1.688130580344790799e+00,-2.325841512355143186e-06,0.000000000000000000e+00,-2.538114745529268523e-01,-1.888578752910960792e-02,-1.347628998011350632e+02,-7.801773041206367222e-05,0.000000000000000000e+00,-2.019429765865365044e-04
0.000000000000000000e+00,0.000000000000000000e+00,-2.061941831335425377e+02,-3.288093653655644547e-03,-1.712134969995256828e+00,-2.048006826137062326e-06,0.000000000000000000e+00,-2.084570211187952715e-01,-1.471992107488417217e-02,-9.873496398329734802e+01,-5.681280247698653775e-05,0.000000000000000000e+00,-1.502903647045856226e-04
0.000000000000000000e+00,0.000000000000000000e+00,-1.375575640186667442e+03,-2.244197737035540097e-02,-7.204364938687685127e-01,-2.516604177126333674e-06,0.000000000000000000e+00,-5.467074043122941429e-01,-4.605803196624357748e-02,-7.956990090385079384e+02,-4.737011803330167317e-04,0.000000000000000000e+00,-9.822249914058817262e-04
0.000000000000000000e+00,0.000000000000000000e+00,-1.808540602667722851e+03,-2.757448846087276126e-02,-4.785981732156974755e-01,-2.354476145419716938e-06,0.000000000000000000e+00,-6.449321542185507683e-01,-5.154022208822164886e-02,-1.080696380190551281e+03,-6.397774466688830979e-04,0.000000000000000000e+00,-1.286601151170420647e-03
0.000000000000000000e+00,0.000000000000000000e+00,-3.376831395126879215e+03,-2.855006047695978280e-02,-3.882349716337990769e-04,-1.607654387043206626e-06,0.000000000000000000e+00,-8.387563600208820525e-01,-3.767871784319573591e-02,-2.292091485090553761e+03,-1.295703313793422065e-03,0.000000000000000000e+00,-2.369150324039191301e-03
0.000000000000000000e+00,0.000000000000000000e+00,-3.009079274520277977e+03,-1.523909148460738938e-01,-1.013027259955198600e+00,4.940756755930745685e-05,0.000000000000000000e+00,-6.344042811823420724e-02,-4.533446665228527683e-01,-3.798739135414361954e+02,-5.121381061671832075e-04,0.000000000000000000e+00,-4.709581463429127765e-04
0.000000000000000000e+00,0.000000000000000000e+00,-2.484263833243632689e+03,-3.397076538618174629e-02,-2.609061653160271166e-01,-2.269373580301161838e-06,0.000000000000000000e+00,-7.894787144162150883e-01,-5.740935388290756974e-02,-1.541035371141508222e+03,-9.031443065915371361e-04,0.000000000000000000e+00,-1.759236880266176750e-03
0.000000000000000000e+00,0.000000000000000000e+00,3.276383650735020638e+03,3.747483795591551731e-02,7.692134947164251668e-02,2.086316045007382643e-06,0.000000000000000000e+00,9.216850226113990630e-01,5.658646303955810336e-02,2.121445638246834278e+03,1.224369624035876901e-03,0.000000000000000000e+00,2.309012566135290601e-03
0.000000000000000000e+00,0.000000000000000000e+00,-3.395585295678116381e+03,-1.603274288195415676e-01,-9.841998771009796698e-01,-8.148770857907440405e-05,0.000000000000000000e+00,-9.884167038856044030e-02,2.957943532595887215e-02,-2.241998674897942692e+03,-6.545455493386037691e-04,0.000000000000000000e+00,-1.182224110644830052e-03
0.000000000000000000e+00,0.000000000000000000e+00,3.085253560105338693e+03,7.726869799744233436e-02,9.432996407680611650e-01,6.424377031762786949e-05,0.000000000000000000e+00,1.147975054165486231e-01,-1.268507398298959754e-01,2.729419706044718623e+03,6.656292806380326079e-04,0.000000000000000000e+00,1.416720250472149967e-03
0.000000000000000000e+00,0.000000000000000000e+00,-3.316947027930989861e+03,-1.929460922836306047e-01,-9.800774050761648093e-01,-3.381512364029881313e-06,0.000000000000000000e+00,-7.073775216009178801e-02,-3.132004640279464902e-01,-8.120124766537919641e+02,-5.856846808267164540e-04,0.000000000000000000e+00,-6.060424336734555406e-04
0.000000000000000000e+00,0.000000000000000000e+00,-3.452433899803087115e+03,-2.014947283221859287e-01,-9.770726891024259508e-01,-5.765011753858619633e-05,0.000000000000000000e+00,-8.248571593183134931e-02,-1.335483948799066900e-01,-1.483891252929344773e+03,-6.295022917356076679e-04,0.000000000000000000e+00,-8.599766023737551862e-04
0.000000000000000000e+00,0.000000000000000000e+00,-3.870462935315445065e+03,5.139505036843258420e-03,-2.365000103435588585e-01,-1.358203988418715742e-06,0.000000000000000000e+00,-7.240105318295843029e-01,1.351884003566449811e-02,-2.961027889871969819e+03,-1.564545113462448289e-03,0.000000000000000000e+00,-2.701659538646688802e-03
0.000000000000000000e+00,0.000000000000000000e+00,-3.489636249674484134e+03,2.838550900457659926e-02,-4.123554200519953805e-01,-8.020451756663689516e-07,0.000000000000000000e+00,-5.602992534651108913e-01,4.085791301005178844e-02,-2.862750066732987761e+03,-1.433621075070654061e-03,0.000000000000000000e+00,-2.431347725229942008e-03
0.000000000000000000e+00,0.000000000000000000e+00,-3.495861083135008812e+03,-2.868267452597437692e-02,-3.725839002185971018e-04,-1.671043917408402793e-06,0.000000000000000000e+00,-8.601237353369260985e-01,-3.739648736640979743e-02,-2.381802375808358192e+03,-1.343532721778181857e-03,0.000000000000000000e+00,-2.451223763462494383e-03
0.000000000000000000e+00,0.000000000000000000e+00,-3.622282235749065876e+03,-1.498476905386575062e-02,-6.376349077459654568e-02,-1.457525020750822223e-06,0.000000000000000000e+00,-7.819886284539887544e-01,-1.458297225008384559e-02,-2.603426952995359898e+03,-1.429606178018165679e-03,0.000000000000000000e+00,-2.533312099408285226e-03
0.000000000000000000e+00,0.000000000000000000e+00,-2.757268253251910210e+03,8.267358587750509025e-02,-7.677240814046157880e-01,3.172602109718579389e-06,0.000000000000000000e+00,-2.606018788663055918e-01,1.125705103456731415e-01,-2.847271866127848625e+03,-1.057971583100557854e-03,0.000000000000000000e+00,-1.880775923643523756e-03
0.000000000000000000e+00,0.000000000000000000e+00,-2.711849789515137672e+03,8.235074297086082684e-02,-8.364791023984903262e-01,8.031721683744962825e-07,0.000000000000000000e+00,-2.085483354958956037e-01,1.374850681407159270e-01,-2.960962066382169724e+03,-9.473632519131487640e-04,0.000000000000000000e+00,-1.797614287826690112e-03
0.000000000000000000e+00,0.000000000000000000e+00,-3.490818848978728056e+03,5.588222482359556098e-02,-6.230498528353803911e-01,3.381705478608766311e-07,0.000000000000000000e+00,-4.760299301920404291e-01,7.225589949277494428e-02,-3.090556556778028607e+03,-1.437873519909945276e-03,0.000000000000000000e+00,-2.425646105823584756e-03
0.000000000000000000e+00,0.000000000000000000e+00,-3.069621065599843860e+03,7.371319587610639101e-02,-7.178724389094168767e-01,2.080356210123624238e-06,0.000000000000000000e+00,-3.509510108296425845e-01,9.359230381949315558e-02,-2.941767398640513420e+03,-1.240079877334342379e-03,0.000000000000000000e+00,-2.120923268223574680e-03
0.000000000000000000e+00,0.000000000000000000e+00,-2.724231028433889151e+03,5.757142798328348382e-02,-8.770805153342007277e-01,-1.018384378179114244e-05,0.000000000000000000e+00,-1.673043125944275733e-01,1.565941629094088905e-01,-3.015574575491249561e+03,-8.265634041088419778e-04,0.000000000000000000e+00,-1.700139074002713279e-03
0.000000000000000000e+00,0.000000000000000000e+00,-2.818504305876791477e+03,2.750775698754366876e-03,-9.004090341561994393e-01,-3.328225275943595099e-05,0.000000000000000000e+00,-1.355289009262884703e-01,1.585870948312098072e-01,-2.939832294292747974e+03,-7.177035537182082032e-04,0.000000000000000000e+00,-1.567511132800113302e-03
0.000000000000000000e+00,0.000000000000000000e+00,1.165051982879638672e+03,2.052038948973968630e-02,9.527255402918997085e-01,6.365319017720093750e-06,0.000000000000000000e+00,7.261819724837401679e-01,6.525093844633207685e-02,5.952342237457633018e+02,3.511594587498447287e-04,0.000000000000000000e+00,8.396721813481012155e-04
0.000000000000000000e+00,0.000000000000000000e+00,1.831830058708786964e+03,3.266905386701977193e-02,7.125925297815491888e-01,7.786335122897281933e-06,0.000000000000000000e+00,9.641535057570512768e-01,9.154303386645411267e-02,9.639505036175251007e+02,5.717758434729210181e-04,0.000000000000000000e+00,1.313621876232088899e-03
0.000000000000000000e+00,0.000000000000000000e+00,2.443209282204508781e+03,4.336476168999447295e-02,3.529598372138222362e-01,7.619792134843316940e-06,0.000000000000000000e+00,1.070721028022685317e+00,1.059622796551730611e-01,1.331610748395323753e+03,7.915001022100971511e-04,0.000000000000000000e+00,1.740836519829313004e-03
0.000000000000000000e+00,0.000000000000000000e+00,3.347463565874844790e+03,5.761919960905555887e-02,1.004994849589827821e-01,7.341844891574523870e-06,0.000000000000000000e+00,1.202281466777182839e+00,1.214369123035152070e-01,1.900878103803843260e+03,1.126070585439951140e-03,0.000000000000000000e+00,2.365087142522619666e-03
0.000000000000000000e+00,0.000000000000000000e+00,3.893158593125641346e+03,6.291242430214458170e-02,1.042715654466831038e-03,6.325386864335167791e-06,0.000000000000000000e+00,1.131161511093741412e+00,1.131319098009227891e-01,2.311992234110832214e+03,1.355969667030778106e-03,0.000000000000000000e+00,2.723349116039419735e-03
0.000000000000000000e+00,0.000000000000000000e+00,-3.919635222628712654e+02,3.153102331654818267e-03,-1.731550301147913640e+00,-1.126074098341749633e-05,0.000000000000000000e+00,-1.094835484876404974e-01,-9.771746978911663439e-02,-1.242570764347910881e+02,-5.244914116716268177e-05,0.000000000000000000e+00,-2.463941428778985716e-04
0.000000000000000000e+00,0.000000000000000000e+00,5.667805008552968502e+02,-4.025629863395326774e-03,1.713613282775094060e+00,1.377383019076792238e-05,0.000000000000000000e+00,1.257249388921004851e-01,1.442575769762122206e-01,1.722465049326419830e+02,7.568003378442876659e-05,0.000000000000000000e+00,3.451498369650988964e-04
0.000000000000000000e+00,0.000000000000000000e+00,-8.204120392873883247e+02,4.440269402456668846e-03,-1.649867915850707689e+00,-1.492801497570625422e-05,0.000000000000000000e+00,-1.422927797324592958e-01,-2.113313417733855837e-01,-2.359566020295023918e+02,-1.108185427900464250e-04,0.000000000000000000e+00,-4.790758867981779979e-04
0.000000000000000000e+00,0.000000000000000000e+00,-1.108699267923831940e+03,2.779609588296405673e-03,-1.444726941391683006e+00,-1.160326092669918278e-05,0.000000000000000000e+00,-1.483901233389575691e-01,-2.839748053079942380e-01,-2.974617467857897282e+02,-1.548094372522813671e-04,0.000000000000000000e+00,-6.138801314214706274e-04
0.000000000000000000e+00,0.000000000000000000e+00,1.833377621932886541e+03,3.790171367331421955e-03,1.520356127013536174e+00,2.918700501319417945e-06,0.000000000000000000e+00,1.890038517323028577e-01,4.516804782329245094e-01,4.551283980577718467e+02,2.717215177368972954e-04,0.000000000000000000e+00,9.523657258986831155e-04
0.000000000000000000e+00,0.000000000000000000e+00,-3.087148038867861032e+03,-5.095090667492473829e-02,-3.811776383310741534e-01,-5.705172727977218403e-06,0.000000000000000000e+00,-1.153067782709070510e+00,-1.035904259885386536e-01,-1.784656045917421579e+03,-1.058418405007727214e-03,0.000000000000000000e+00,-2.192340081009244539e-03
0.000000000000000000e+00,0.000000000000000000e+00,-3.752242002658545971e+03,-5.645179693352740669e-02,-9.938730005590951100e-02,-4.805974766991747221e-06,0.000000000000000000e+00,-1.187446799602684733e+00,-9.994857328370850003e-02,-2.269839747086167336e+03,-1.332296484551744823e-03,0.000000000000000000e+00,-2.646150589878134077e-03
0.000000000000000000e+00,0.000000000000000000e+00,4.157115262411534786e+03,5.317652292693312438e-02,7.081091817071362687e-04,3.995321821347871302e-06,0.000000000000000000e+00,1.105722223437370477e+00,8.040061902795189730e-02,2.646355871364474297e+03,1.527011065877948055e-03,0.000000000000000000e+00,2.911311658822107740e-03
0.000000000000000000e+00,0.000000000000000000e+00,-1.123142882376909256e+03,1.157649264734656033e-03,-1.666137099306643332e+00,-2.683518562813335762e-07,0.000000000000000000e+00,-1.055337053565062327e-01,-3.109771678777640269e-01,-2.553922895118594170e+02,-1.510538456813333976e-04,0.000000000000000000e+00,-5.561321459566694742e-04
0.000000000000000000e+00,0.000000000000000000e+00,-1.695182656090706587e+03,-6.297375210256654990e-03,-1.689750485378112677e+00,1.502465780038043186e-05,0.000000000000000000e+00,-1.241789065365578315e-01,-4.572508373109641644e-01,-3.398768729344010353e+02,-2.398465532458592207e-04,0.000000000000000000e+00,-7.668405823503899937e-04
0.000000000000000000e+00,0.000000000000000000e+00,2.201531204462051392e+03,2.279081652661428189e-02,1.466747767430522043e+00,-3.747503032664097484e-05,0.000000000000000000e+00,1.264872266473705265e-01,5.554283966248579896e-01,3.880835235472768545e+02,3.347290510722988150e-04,0.000000000000000000e+00,8.976265716326722963e-04
0.000000000000000000e+00,0.000000000000000000e+00,3.351315641976892948e+03,6.360363872951069197e-02,1.520427300212942257e+00,-7.108081207462444123e-05,0.000000000000000000e+00,1.557321503704033050e-01,7.410658821865167001e-01,5.562124446332454681e+02,5.626483492621950225e-04,0.000000000000000000e+00,1.239591765719153622e-03
0.000000000000000000e+00,0.000000000000000000e+00,3.957164004612714052e+03,1.139403953713901130e-01,1.288902720488932063e+00,-7.322477246587875369e-05,0.000000000000000000e+00,1.590496738901006346e-01,6.947037668137835409e-01,7.441952069932594895e+02,7.478293594119000747e-04,0.000000000000000000e+00,1.394473252910464730e-03
0.000000000000000000e+00,0.000000000000000000e+00,-2.516468476615846157e+02,-3.901531164456065268e-03,-1.451403905282346862e+00,-2.637924017725595064e-06,0.000000000000000000e+00,-2.771228084549495763e-01,-1.886007176002404626e-02,-1.189029497317969799e+02,-6.782545958010575125e-05,0.000000000000000000e+00,-1.834331786269937205e-04
0.000000000000000000e+00,0.000000000000000000e+00,1.400293530717492104e+03,2.474728650261598384e-02,9.274085140408521166e-01,4.954142511759529653e-06,0.000000000000000000e+00,7.040642487465192945e-01,6.401116034103232488e-02,7.538489809744060040e+02,4.489165585813673543e-04,0.000000000000000000e+00,1.004954678638800064e-03
0.000000000000000000e+00,0.000000000000000000e+00,-2.249429144352674484e+03,-3.897160227842564467e-02,-7.273324413765576146e-01,-5.966645398012926051e-06,0.000000000000000000e+00,-9.799131804037072291e-01,-8.977729698936127989e-02,-1.251178083198145032e+03,-7.452961099152205894e-04,0.000000000000000000e+00,-1.606783906792120858e-03
0.000000000000000000e+00,0.000000000000000000e+00,4.577096805676817894e+03,9.150443481146023489e-03,6.669636686879855114e-01,1.590729301167070810e-05,0.000000000000000000e+00,5.097332493163736489e-01,-4.727522134408902732e-02,3.618268759030848742e+03,1.719231977257374517e-03,0.000000000000000000e+00,3.029522404692398287e-03
0.000000000000000000e+00,0.000000000000000000e+00,4.489947201356291771e+03,3.650170388024501222e-02,7.882013731652137700e-01,2.782537357115405789e-05,0.000000000000000000e+00,3.854701118510862057e-01,-4.980681136670335463e-02,3.498189622391015291e+03,1.570510687323452932e-03,0.000000000000000000e+00,2.826932406237169654e-03
0.000000000000000000e+00,0.000000000000000000e+00,4.997700536988675594e+03,1.041029166741685025e-01,9.663882574128409564e-01,4.790966726797386480e-05,0.000000000000000000e+00,3.280657470846182200e-01,-8.139283524632914130e-03,3.506307680360972881e+03,1.570629287054264725e-03,0.000000000000000000e+00,2.872394442118564751e-03
0.000000000000000000e+00,0.000000000000000000e+00,4.551890222609043121e+03,1.552940885680335337e-01,9.318251475526770911e-01,4.518025224711726850e-05,0.000000000000000000e+00,2.324102213293192110e-01,1.077364382216862426e-01,2.545200830526649952e+03,1.262402926159098774e-03,0.000000000000000000e+00,2.273697360485796466e-03
0.000000000000000000e+00,0.000000000000000000e+00,-4.115875690296292305e+03,-5.213418114800196651e-02,-7.219818013782492534e-04,-3.938739351320353153e-06,0.000000000000000000e+00,-1.084994257771556114e+00,-7.812717801404006623e-02,-2.627280722618103027e+03,-1.513540944675307882e-03,0.000000000000000000e+00,-2.880199390922584621e-03
0.000000000000000000e+00,0.000000000000000000e+00,4.558880563329905272e+03,4.318670116088794281e-02,8.148733986677803021e-02,4.359197230114977975e-06,0.000000000000000000e+00,9.965484660540391282e-01,5.119239382364416946e-02,3.081794639799743891e+03,1.728243751147121249e-03,0.000000000000000000e+00,3.167262830710507442e-03
0.000000000000000000e+00,0.000000000000000000e+00,4.466699829988181591e+03,2.487278782783157449e-02,2.595201496355190041e-01,5.771073865311563347e-06,0.000000000000000000e+00,7.939184205574810749e-01,1.390807516838783557e-02,3.212994299434125423e+03,1.729195700954683831e-03,0.000000000000000000e+00,3.075575158226022225e-03
0.000000000000000000e+00,0.000000000000000000e+00,-4.300593950910028070e+03,-9.510393168477257117e-03,-4.489048769225776891e-01,-8.601843284986121109e-06,0.000000000000000000e+00,-6.106195532248835933e-01,1.960580485941528991e-02,-3.277745725570712239e+03,-1.665977902270011001e-03,0.000000000000000000e+00,-2.919927366022878352e-03
0.000000000000000000e+00,0.000000000000000000e+00,-4.913740418814122677e+03,-1.978265181366568870e-01,-1.083483420507167727e+00,-1.554926488073664424e-05,0.000000000000000000e+00,-2.071637656557797913e-01,-3.256695833571809917e-01,-1.940778569847345352e+03,-1.198722325929366984e-03,0.000000000000000000e+00,-2.075436654463126002e-03
0.000000000000000000e+00,0.000000000000000000e+00,4.841504948887974024e+03,1.805727218451172733e-01,1.235224456724060227e+00,-4.209622217455932000e-05,0.000000000000000000e+00,1.872836747317565276e-01,5.834597465926986137e-01,1.271069273212924600e+03,1.039400221432804821e-03,0.000000000000000000e+00,1.785972784658352436e-03
0.000000000000000000e+00,0.000000000000000000e+00,9.482752190995961428e+01,1.463697532040221690e-03,1.786012366184035471e+00,1.041588826869795291e-06,0.000000000000000000e+00,1.113449181014655592e-01,7.205565977616520436e-03,4.466100031603127718e+01,2.540958056257871430e-05,0.000000000000000000e+00,6.934973187642947225e-05
0.000000000000000000e+00,0.000000000000000000e+00,-1.111527318153530359e+02,-1.779729306813698222e-03,-1.669678298213238543e+00,-1.245027264412521933e-06,0.000000000000000000e+00,-1.208420602917366221e-01,-8.165354841467728497e-03,-5.283294950053095818e+01,-3.047322716627091287e-05,0.000000000000000000e+00,-8.136281848917018261e-05
0.000000000000000000e+00,0.000000000000000000e+00,-8.759710423313081264e+02,-1.547441755449881218e-02,-1.460917036820132076e+00,-3.682350643522876713e-06,0.000000000000000000e+00,-4.948920274964156985e-01,-4.333430097566344508e-02,-4.623556358590722084e+02,-2.748945288366997741e-04,0.000000000000000000e+00,-6.311481036892904392e-04
0.000000000000000000e+00,0.000000000000000000e+00,1.108973479218780994e+03,1.948958713900692669e-02,1.148074382940238891e+00,3.729440125035063351e-06,0.000000000000000000e+00,5.597741976797616648e-01,4.972690438970935739e-02,5.998486293777823448e+02,3.575758270697725907e-04,0.000000000000000000e+00,7.968068214750216333e-04
0.000000000000000000e+00,0.000000000000000000e+00,-4.293989087268710136e+02,-7.451628066052953976e-03,-1.567186377830882771e+00,-2.519073118065429323e-06,0.000000000000000000e+00,-2.988391422242098194e-01,-2.475485332143631534e-02,-2.177940154671669006e+02,-1.284018480727197630e-04,0.000000000000000000e+00,-3.108753843808666618e-04
0.000000000000000000e+00,0.000000000000000000e+00,-6.094751203693449497e+02,-1.073761698672902679e-02,-1.539348048198979635e+00,-3.127617892032175420e-06,0.000000000000000000e+00,-3.833191832578595748e-01,-3.275002015229491747e-02,-3.149167590215802193e+02,-1.865100689558237728e-04,0.000000000000000000e+00,-4.402973139295259051e-04
0.000000000000000000e+00,0.000000000000000000e+00,-2.614322303235530853e+02,-4.393986479973033439e-03,-1.801455801182904937e+00,-2.024791426498667883e-06,0.000000000000000000e+00,-2.199858453551669646e-01,-1.690359800744567487e-02,-1.285945061687380075e+02,-7.513972739047117939e-05,0.000000000000000000e+00,-1.900822987827297862e-04
0.000000000000000000e+00,0.000000000000000000e+00,-3.079382174536585808e+02,-5.257477760560872078e-03,-1.566690739687384815e+00,-2.007294493916872153e-06,0.000000000000000000e+00,-2.360611444142083348e-01,-1.887232341836277832e-02,-1.536660765111446381e+02,-8.985479979103432816e-05,0.000000000000000000e+00,-2.231732987231280338e-04
0.000000000000000000e+00,0.000000000000000000e+00,-1.481304994449019432e+02,-2.385675650068831959e-03,-1.747460186451627928e+00,-1.391676504853542874e-06,0.000000000000000000e+00,-1.482563879843566135e-01,-1.045988779103537367e-02,-7.112986370921134949e+01,-4.080172133842473311e-05,0.000000000000000000e+00,-1.078041514367691575e-04
0.000000000000000000e+00,0.000000000000000000e+00,-1.750394680052995682e+02,-2.870926808210404624e-03,-1.593887516344876465e+00,-1.489644211346666729e-06,0.000000000000000000e+00,-1.608452188393698912e-01,-1.184817451879601781e-02,-8.501164908707141876e+01,-4.928946495968220806e-05,0.000000000000000000e+00,-1.273297666914928721e-04
0.000000000000000000e+00,0.000000000000000000e+00,7.136138667911291122e+01,9.243767428752393787e-04,1.875978559138907986e+00,1.096102502368647954e-06,0.000000000000000000e+00,1.357713889146982267e-01,6.432410335846835102e-03,3.207331061735749245e+01,1.777579753055677451e-05,0.000000000000000000e+00,5.224893663545963359e-05
0.000000000000000000e+00,0.000000000000000000e+00,2.377230516605079174e+03,3.928890034747484911e-02,6.939095914206541149e-01,4.619435632852710458e-06,0.000000000000000000e+00,9.376382645436881491e-01,8.162303757615006761e-02,1.367652558527886868e+03,8.135894401115807304e-04,0.000000000000000000e+00,1.694712113192693194e-03
0.000000000000000000e+00,0.000000000000000000e+00,-1.855282678209245205e+03,-3.198641787815274112e-02,-1.091979690067161224e+00,-4.885622086523042990e-06,0.000000000000000000e+00,-8.308593755178188545e-01,-7.387063703579095642e-02,-1.032584499850869179e+03,-6.159704212308008634e-04,0.000000000000000000e+00,-1.328239895667244954e-03
0.000000000000000000e+00,0.000000000000000000e+00,3.728448998771607876e+03,4.998892952908477044e-02,9.256024493101924766e-02,3.488654993942866098e-06,0.000000000000000000e+00,1.110729853313323856e+00,8.149891014243201837e-02,2.332986661441624165e+03,1.359507236409015010e-03,0.000000000000000000e+00,2.628662750811045206e-03
0.000000000000000000e+00,0.000000000000000000e+00,3.146660952307283878e+03,4.819693776948993924e-02,3.574873925173024380e-01,4.254498043108842339e-06,0.000000000000000000e+00,1.083781468223309785e+00,8.925138617287370346e-02,1.881888637788593769e+03,1.111385486039289652e-03,0.000000000000000000e+00,2.231708414033322166e-03
0.000000000000000000e+00,0.000000000000000000e+00,2.482205100379884243e+03,3.628938504750204436e-02,1.704556078745973036e+00,-6.422488409783891079e-05,0.000000000000000000e+00,1.084919305215565066e-01,6.462257088249465653e-01,3.237398452162742615e+02,3.717785589478837089e-04,0.000000000000000000e+00,8.409167722905919748e-04
0.000000000000000000e+00,0.000000000000000000e+00,4.289102097698953003e+03,4.580690666228642155e-02,6.085846206760112511e-04,3.027004485332591355e-06,0.000000000000000000e+00,1.099301522892002891e+00,6.428848233210293639e-02,2.823374090788885951e+03,1.612617218925157516e-03,0.000000000000000000e+00,3.006153697817126689e-03
0.000000000000000000e+00,0.000000000000000000e+00,-3.818967304885853082e+03,-1.298703142591949022e-01,-1.359891322650989220e+00,9.014721335290881547e-05,0.000000000000000000e+00,-1.169513144164922164e-01,-7.089846427312428423e-01,-5.212030172278173268e+02,-6.810299763801478355e-04,0.000000000000000000e+00,-1.030218036781776255e-03
0.000000000000000000e+00,0.000000000000000000e+00,2.957380700960755348e+03,7.011949068872637414e-02,1.428509939484890578e+00,-8.369353095523221389e-05,0.000000000000000000e+00,1.051607320330483347e-01,6.790132248222040534e-01,3.483395295590162277e+02,4.807123235892007919e-04,0.000000000000000000e+00,8.724329523438049700e-04
0.000000000000000000e+00,0.000000000000000000e+00,4.736782681157812476e+03,2.280568294664578888e-01,1.180916939927575404e+00,1.564888741968112842e-05,0.000000000000000000e+00,1.447475107762564162e-01,3.544907132695918062e-01,1.612287725778296590e+03,1.021313592139496546e-03,0.000000000000000000e+00,1.530715281329572902e-03
0.000000000000000000e+00,0.000000000000000000e+00,-4.818412828922271729e+03,-2.093138267662162100e-01,-1.368376424465019836e+00,5.609025438766377275e-05,0.000000000000000000e+00,-1.392512591647789566e-01,-6.339964591836564356e-01,-9.955792024806141853e+02,-9.452988266683546616e-04,0.000000000000000000e+00,-1.332382161313113919e-03
2.852004551805199295e+00,1.672661464776511453e-01,2.002692675683647394e+02,0.000000000000000000e+00,0.000000000000000000e+00,5.622497969173426797e-05,1.180193494596957882e+00,0.000000000000000000e+00,0.000000000000000000e+00,1.120969601143151522e+03,3.265435479758881836e-04,-2.996463549361997117e-02,9.667346387631644232e-05
-3.214191207113243909e+00,-5.911727973135525449e-01,-1.795208903392776847e+02,0.000000000000000000e+00,0.000000000000000000e+00,-2.059470721117822288e-05,-8.503744179268967196e-01,0.000000000000000000e+00,0.000000000000000000e+00,-2.054064455954357982e+03,-2.959811715909377045e-04,7.943436832875731823e-02,-7.364643643723229379e-05
-3.575387962344900750e+00,-5.233244902079824123e-02,-2.651689890027046204e+01,0.000000000000000000e+00,0.000000000000000000e+00,-1.948409683639038594e-05,-3.692506325535112599e-01,0.000000000000000000e+00,0.000000000000000000e+00,-1.724653342291712761e+02,-4.831446695077237232e-05,1.594081677306597930e-02,-2.263626278038775950e-06
-3.712223731913232072e+00,-3.310396043220002055e-02,-1.735737901926040649e+01,0.000000000000000000e+00,0.000000000000000000e+00,-1.339667183098730296e-05,-3.028739736469466259e-01,0.000000000000000000e+00,0.000000000000000000e+00,-1.102161672413349152e+02,-3.195635055178264682e-05,1.064585250765481134e-02,-1.502008638611777987e-06
-3.637305655242480729e+00,-1.004748023943792187e-02,-8.109370753169059753e+00,0.000000000000000000e+00,0.000000000000000000e+00,-6.022125662264062131e-06,-2.968788605518637436e-01,0.000000000000000000e+00,0.000000000000000000e+00,-4.764477550983428955e+01,-1.551757778337112227e-05,5.231613028325512484e-03,-1.029694615515699615e-06
-3.362723275029340986e+00,-3.443201399942234092e-02,-2.957082876563072205e+01,0.000000000000000000e+00,0.000000000000000000e+00,-1.948353201942110507e-05,-6.174419095353427256e-01,0.000000000000000000e+00,0.000000000000000000e+00,-1.733946004658937454e+02,-5.528045833527214629e-05,1.817794277678314030e-02,-4.908915037385394845e-06
-3.621275826362927663e+00,-7.309011511611199219e-02,-3.301412063091993332e+01,0.000000000000000000e+00,0.000000000000000000e+00,-2.128815068028956539e-05,-2.957007906952189846e-01,0.000000000000000000e+00,0.000000000000000000e+00,-2.339935823269188404e+02,-5.865915031394834949e-05,1.893680388472054194e-02,-3.686111615486496390e-06
-3.496843981989746220e-01,-9.415500328460745250e-01,-7.547426599413156509e+02,0.000000000000000000e+00,0.000000000000000000e+00,-1.105582000291619532e-05,-2.293055724335190337e+00,0.000000000000000000e+00,0.000000000000000000e+00,-6.337886545836925507e+03,-1.096602353953077692e-03,-2.441932339323824308e-01,-6.753254095110952301e-04
3.822558012310169673e+00,1.627152264361951539e-02,1.392000247910618782e+01,0.000000000000000000e+00,0.000000000000000000e+00,9.321147625374297789e-06,3.120216773800767451e-01,0.000000000000000000e+00,0.000000000000000000e+00,8.166858268529176712e+01,2.609255049448869486e-05,-8.734727890475425457e-03,2.266501321773266807e-06
-3.668908143317957560e+00,-2.262726870162697773e-02,-1.980641626566648483e+01,0.000000000000000000e+00,0.000000000000000000e+00,-1.272873269244094185e-05,-3.789619404018908511e-01,0.000000000000000000e+00,0.000000000000000000e+00,-1.160478909499943256e+02,-3.684375694986856870e-05,1.175434365982584543e-02,-3.553419580724550736e-06
-3.128614964114082575e+00,-5.579659245749922503e-02,-4.948556585609912872e+01,0.000000000000000000e+00,0.000000000000000000e+00,-3.013045216791259711e-05,-8.273954309079640801e-01,0.000000000000000000e+00,0.000000000000000000e+00,-2.895098836123943329e+02,-9.113250354155709139e-05,2.837519836936147621e-02,-9.675097515753132044e-06
2.736628671702832971e+00,9.358519225712334799e-02,8.638085535168647766e+01,0.000000000000000000e+00,0.000000000000000000e+00,4.731721652688644192e-05,1.131023075219925511e+00,0.000000000000000000e+00,0.000000000000000000e+00,5.034253203831613064e+02,1.564316481155538267e-04,-4.489401971913815209e-02,2.008466487045988552e-05
-2.308455626621956025e+00,-1.749243543633051401e-01,-1.695404266901314259e+02,0.000000000000000000e+00,0.000000000000000000e+00,-7.917093380127720472e-05,-1.696461228327642345e+00,0.000000000000000000e+00,0.000000000000000000e+00,-9.833029739931225777e+02,-2.987977751040304985e-04,7.436105049961633240e-02,-4.869165472540793447e-05
1.202518370438000028e+00,9.713870659318148970e-01,4.833752176761627197e+02,0.000000000000000000e+00,0.000000000000000000e+00,3.979135629843633077e-05,1.983811639456766418e+00,0.000000000000000000e+00,0.000000000000000000e+00,4.420634032823145390e+03,7.793677470619743419e-04,-8.439491094006074112e-02,2.864183150395636988e-04
-4.501447979315619241e-01,-5.166707852642846710e-01,-5.368838374726474285e+02,0.000000000000000000e+00,0.000000000000000000e+00,-1.471438847938431156e-04,-2.979556371175197782e+00,0.000000000000000000e+00,0.000000000000000000e+00,-3.170948110815137625e+03,-8.786284533267984132e-04,9.483601299949823149e-02,-2.552232351565231661e-04
7.894824046599073497e-04,7.604308551093155177e-01,7.224117410555481911e+02,0.000000000000000000e+00,0.000000000000000000e+00,1.362166362312626998e-04,3.133455150841562897e+00,0.000000000000000000e+00,0.000000000000000000e+00,4.631357837773859501e+03,1.146335626309268399e-03,-4.448405461893768786e-02,4.176776826558331536e-04
3.827649520766418512e-01,5.148898989099838230e-01,6.250304250121116638e+02,0.000000000000000000e+00,0.000000000000000000e+00,1.090777757437382884e-04,2.537981312886246954e+00,0.000000000000000000e+00,0.000000000000000000e+00,3.650763534128665924e+03,9.578199926026662384e-04,3.925829787555934480e-02,3.979007827911786878e-04
1.203703750259739295e-03,7.114522481435732182e-01,7.975877934619784355e+02,0.000000000000000000e+00,0.000000000000000000e+00,8.650188869660949760e-05,2.598939882956461389e+00,0.000000000000000000e+00,0.000000000000000000e+00,5.163375373482704163e+03,1.172263307976148701e-03,1.719030536000584475e-01,6.002959446902367746e-04
-2.205832345170938957e+00,-2.146735816186677581e-01,-2.347471348494291306e+02,0.000000000000000000e+00,0.000000000000000000e+00,-7.922128256114233677e-05,-1.622461753963229336e+00,0.000000000000000000e+00,0.000000000000000000e+00,-1.339226269870996475e+03,-3.942600957293776139e-04,6.123870748877937448e-02,-9.649454815143602700e-05
1.242846528102697246e+00,3.312989820521061168e-01,3.873265023315325379e+02,0.000000000000000000e+00,0.000000000000000000e+00,9.753333146325463292e-05,2.058806265112717693e+00,0.000000000000000000e+00,0.000000000000000000e+00,2.205300090544857085e+03,6.229511400740976720e-04,-4.205393589957919648e-02,2.001644981931901147e-04
2.981693701679176911e+00,7.391104896396635815e-02,7.191334742680191994e+01,0.000000000000000000e+00,0.000000000000000000e+00,3.528710269300233188e-05,7.888825322158539155e-01,0.000000000000000000e+00,0.000000000000000000e+00,4.165743642412126064e+02,1.281376566403460027e-04,-3.357915811620861696e-02,1.954404004654261120e-05
2.696980870226560967e+00,1.235024154907555655e-01,1.267080937102437019e+02,0.000000000000000000e+00,0.000000000000000000e+00,5.319919200094449114e-05,1.115327820409964588e+00,0.000000000000000000e+00,0.000000000000000000e+00,7.286004294231534004e+02,2.200886832364204676e-04,-4.792102158781671312e-02,4.174102542242458111e-05
3.606950311387724373e+00,3.351483838787748526e-02,3.016469073668122292e+01,0.000000000000000000e+00,0.000000000000000000e+00,1.807145688559898516e-05,4.868808110570472247e-01,0.000000000000000000e+00,0.000000000000000000e+00,1.763206074573099613e+02,5.532498815575030774e-05,-1.720803245573698098e-02,6.005679963419441610e-06
-3.461260883704396107e+00,-5.086600310384040841e-02,-4.739956926926970482e+01,0.000000000000000000e+00,0.000000000000000000e+00,-2.619989453578393137e-05,-6.359000116257770285e-01,0.000000000000000000e+00,0.000000000000000000e+00,-2.760672129802405834e+02,-8.606563037764266015e-05,2.511846594439731684e-02,-1.092251413769873015e-05
-1.284484537739746024e+00,-2.791610836429262443e-01,-2.842707224898040295e+02,0.000000000000000000e+00,0.000000000000000000e+00,-1.057034011017789888e-04,-2.125151455002827650e+00,0.000000000000000000e+00,0.000000000000000000e+00,-1.646192033495754004e+03,-4.843817889693562465e-04,9.046930534234323695e-02,-1.053171279623592229e-04
3.664389688095619491e+00,2.375003995656163602e-02,2.225170832872390747e+01,0.000000000000000000e+00,0.000000000000000000e+00,1.236228147448803468e-05,2.992530713854216207e-01,0.000000000000000000e+00,0.000000000000000000e+00,1.295316388905048370e+02,4.058345713901205661e-05,-1.150721803927116232e-02,5.285898125427331033e-06
-3.741828170616674054e+00,-3.411569887568256798e-02,-3.310437804087996483e+01,0.000000000000000000e+00,0.000000000000000000e+00,-1.681963657968723054e-05,-3.867173600821983692e-01,0.000000000000000000e+00,0.000000000000000000e+00,-1.919056634791195393e+02,-5.916371783960067756e-05,1.604881389352083923e-02,-8.662616564988790077e-06
-3.796605768428670924e+00,-3.373007940850030612e-02,-3.567158462805673480e+01,0.000000000000000000e+00,0.000000000000000000e+00,-1.471495306270628310e-05,-3.108612530744443436e-01,0.000000000000000000e+00,0.000000000000000000e+00,-2.038914615539833903e+02,-6.180686936386034426e-05,1.315923806334774217e-02,-1.219210351311666868e-05
3.560315320372426040e+00,4.347413990554161584e-02,4.792771765217185020e+01,0.000000000000000000e+00,0.000000000000000000e+00,1.764670578832312040e-05,3.688698874380255122e-01,0.000000000000000000e+00,0.000000000000000000e+00,2.718413285687565804e+02,8.152743730029851893e-05,-1.467805333045438601e-02,1.826211949535004242e-05
3.286961102298475268e+00,1.327268891445380072e-01,1.749824978783726692e+02,0.000000000000000000e+00,0.000000000000000000e+00,3.980915819154722099e-05,8.732548095199204052e-01,0.000000000000000000e+00,0.000000000000000000e+00,9.578353476524353027e+02,2.753286324693504693e-04,-4.550596376526934266e-03,9.771864610901287841e-05
2.787564722292775521e+00,1.927243172535955396e-01,2.759622497335076332e+02,0.000000000000000000e+00,0.000000000000000000e+00,5.133975196123186579e-05,1.157862285129695135e+00,0.000000000000000000e+00,0.000000000000000000e+00,1.485960686489939690e+03,4.164838483821394865e-04,2.726393342818578952e-02,1.752017454268674137e-04
3.795649377827443161e+00,6.577282922530505727e-02,7.624290593154728413e+01,0.000000000000000000e+00,0.000000000000000000e+00,2.457872090918934339e-05,5.139021557094254344e-01,0.000000000000000000e+00,0.000000000000000000e+00,4.283218398932367563e+02,1.269057097782613850e-04,-1.719546751168643181e-02,3.283083890954741578e-05
-3.425077701663087115e+00,-8.799646607321283398e-02,-1.081504442766308784e+02,0.000000000000000000e+00,0.000000000000000000e+00,-2.963738727088864765e-05,-6.314240949427677441e-01,0.000000000000000000e+00,0.000000000000000000e+00,-6.004919917508959770e+02,-1.755281842970740928e-04,1.462520613276928338e-02,-5.301203945881697151e-05
3.802627420818405768e-01,5.897503909354513407e-01,1.140960641883313656e+03,0.000000000000000000e+00,0.000000000000000000e+00,1.316290205172807417e-04,2.549656371527939225e+00,0.000000000000000000e+00,0.000000000000000000e+00,5.997283645659685135e+03,1.384345070265257738e-03,5.695840781821952525e-01,8.299583056373714208e-04
8.195368729762032020e-04,6.420620934974610172e-01,1.273707281701266766e+03,0.000000000000000000e+00,0.000000000000000000e+00,1.449285430168656635e-04,2.348390576245838801e+00,0.000000000000000000e+00,0.000000000000000000e+00,7.118573249004781246e+03,1.373537983757618531e-03,8.007326969372585701e-01,8.510487770675460254e-04
1.980654940560410804e+00,2.677868153511713256e-01,4.234376316219568253e+02,0.000000000000000000e+00,0.000000000000000000e+00,6.368798615325371769e-05,1.464367119789347749e+00,0.000000000000000000e+00,0.000000000000000000e+00,2.240723586961627007e+03,6.059542267212703580e-04,9.844001100222379841e-02,2.966681404364861566e-04
1.275208486509058714e+00,4.323056134194662170e-01,7.608125641644001007e+02,0.000000000000000000e+00,0.000000000000000000e+00,9.635389682014485694e-05,2.125849466663346288e+00,0.000000000000000000e+00,0.000000000000000000e+00,3.973247958384454250e+03,1.014590892676592044e-03,2.814646276410301406e-01,5.622551856649292889e-04
-1.787146314856852486e-03,-7.218203154808414679e-01,-1.056362255904823542e+03,0.000000000000000000e+00,0.000000000000000000e+00,-1.002000195978270872e-04,-2.540332198792776719e+00,0.000000000000000000e+00,0.000000000000000000e+00,-6.526531744942069054e+03,-1.352707045460445606e-03,-5.194986390780413910e-01,-8.470943450590057329e-04
-1.893923935195470198e+00,-7.304987619430403090e-01,-3.007155306041240692e+02,0.000000000000000000e+00,0.000000000000000000e+00,-5.563632927489518560e-05,-1.390744183935445077e+00,0.000000000000000000e+00,0.000000000000000000e+00,-2.809577801518142223e+03,-4.967168587989229459e-04,1.076836708637425311e-01,-1.272179361715254989e-04
-3.140353532190759633e+00,-2.866863534544495384e-01,-1.237345165312290192e+02,0.000000000000000000e+00,0.000000000000000000e+00,-6.356020017421405884e-05,-8.305528637060172192e-01,0.000000000000000000e+00,0.000000000000000000e+00,-9.492686168476939201e+02,-2.146417373729485691e-04,6.611845863604640106e-02,-2.125165942090879767e-05
-4.002864547537616779e+00,-1.323977464380513280e-01,-5.602786360681056976e+01,0.000000000000000000e+00,0.000000000000000000e+00,-3.228120854665392263e-05,-4.136565525009424649e-01,0.000000000000000000e+00,0.000000000000000000e+00,-4.225516768097877502e+02,-9.803521369797373757e-05,3.137046745154574434e-02,-7.441964744795277619e-06
-3.816674662771172510e+00,-1.563347610541643978e-02,-1.278998304903507233e+01,0.000000000000000000e+00,0.000000000000000000e+00,-9.315494579563780820e-06,-3.942894011807163146e-01,0.000000000000000000e+00,0.000000000000000000e+00,-7.512644687294960022e+01,-2.421021179680668274e-05,8.309123925474615202e-03,-1.896443701720541691e-06
-3.227886700439894341e+00,-1.508053410601599975e-01,-6.931681806524284184e+01,0.000000000000000000e+00,0.000000000000000000e+00,-4.292841984000763479e-05,-5.928166067061808597e-01,0.000000000000000000e+00,0.000000000000000000e+00,-4.921622567552258261e+02,-1.229090180121417304e-04,3.927407133515540411e-02,-8.466275049919394296e-06
-2.765548580875535567e+00,-5.160590208187905148e-01,-2.104841176737099886e+02,0.000000000000000000e+00,0.000000000000000000e+00,-7.640495927512562437e-05,-1.142727505460353621e+00,0.000000000000000000e+00,0.000000000000000000e+00,-1.790829451838508248e+03,-3.563937723562689351e-04,1.000346452649491652e-01,-5.541832467500808744e-05
2.371769034370899032e+00,2.821695245789361262e-01,3.669366331845521927e+02,0.000000000000000000e+00,0.000000000000000000e+00,7.966379837113147947e-05,1.745758405624627363e+00,0.000000000000000000e+00,0.000000000000000000e+00,2.029528077289462090e+03,5.733134624208971377e-04,-1.531860993628938149e-03,2.115109927664662697e-04
3.673424109417465999e+00,9.325857651694838268e-02,4.522667066007852554e+01,0.000000000000000000e+00,0.000000000000000000e+00,3.123633860048722488e-05,4.956684662630304050e-01,0.000000000000000000e+00,0.000000000000000000e+00,3.046967246718704700e+02,8.131035141506857283e-05,-2.610185875511489631e-02,4.589275369003417944e-06
1.429292812383776701e+00,4.437175236685314550e-01,6.300566907972097397e+02,0.000000000000000000e+00,0.000000000000000000e+00,1.021509360123175428e-04,2.370223536978959267e+00,0.000000000000000000e+00,0.000000000000000000e+00,3.465918637007474899e+03,9.332415758329959963e-04,9.967028818474091278e-02,4.255658460175820897e-04
-9.332159071356394345e-04,-6.918328643852984516e-01,-6.540228284597396851e+02,0.000000000000000000e+00,0.000000000000000000e+00,-1.219439999211981905e-04,-2.822855644676204090e+00,0.000000000000000000e+00,0.000000000000000000e+00,-4.208338077396154404e+03,-1.036798052598030765e-03,3.878036922794974445e-02,-3.794478567373145428e-04
-3.587186608525816833e+00,-2.262734732149754638e-02,-1.891708613187074661e+01,0.000000000000000000e+00,0.000000000000000000e+00,-1.316245279874876766e-05,-4.839910973472256739e-01,0.000000000000000000e+00,0.000000000000000000e+00,-1.110578994303941727e+02,-3.572640613491195237e-05,1.182366437440255519e-02,-2.965010985230740164e-06
-2.605324326585665595e+00,-8.667594644501198653e-01,-2.353608582708984613e+02,0.000000000000000000e+00,0.000000000000000000e+00,3.817808157620564911e-05,-1.076588105791649541e+00,0.000000000000000000e+00,0.000000000000000000e+00,-3.345227197477594018e+03,-3.806767033488213359e-04,6.454067748541029992e-02,-1.652007155737415139e-04
4.140368255844429357e-01,6.161894834623763417e-01,9.345182215571403503e+02,0.000000000000000000e+00,0.000000000000000000e+00,1.148118699449446225e-04,2.752993279325340215e+00,0.000000000000000000e+00,0.000000000000000000e+00,5.249565033540129662e+03,1.292564700686201721e-03,3.055807290183396585e-01,7.035881958618941945e-04
-3.727871413437263692e-01,-8.850199286566616808e-01,-6.303326620012521744e+02,0.000000000000000000e+00,0.000000000000000000e+00,-7.114928008159544131e-05,-2.451792178378220832e+00,0.000000000000000000e+00,0.000000000000000000e+00,-4.839345376230776310e+03,-9.961801506216930082e-04,2.904296349001251817e-02,-4.038638396780139337e-04
9.404869491744313192e-01,8.028091599876218121e-01,7.845712806954979897e+02,0.000000000000000000e+00,0.000000000000000000e+00,6.023909915006585373e-05,1.544953684561566121e+00,0.000000000000000000e+00,0.000000000000000000e+00,8.596879282452166080e+03,5.435063898325435483e-04,1.034505416132881939e+00,5.325239481723697448e-04
1.594196082770043654e+00,9.280903714274905125e-01,2.698132674545049667e+02,0.000000000000000000e+00,0.000000000000000000e+00,-8.012477922624148196e-05,1.167623103690953679e+00,0.000000000000000000e+00,0.000000000000000000e+00,8.392728965677320957e+03,4.175597725839097514e-06,9.092550719566602213e-01,4.363573201216700134e-04
-1.448937491534729336e-03,-5.773022312173687887e-01,-1.140860604628920555e+03,0.000000000000000000e+00,0.000000000000000000e+00,-1.299307394189724732e-04,-2.078678141713977912e+00,0.000000000000000000e+00,0.000000000000000000e+00,-6.433273138135671616e+03,-1.217463658536887573e-03,-7.303530558222910418e-01,-7.557294102770035745e-04
-3.320568242102787671e-01,-7.737510430058751609e-01,-1.292807536590931704e+03,0.000000000000000000e+00,0.000000000000000000e+00,-1.470141835322699741e-04,-2.160569391189352206e+00,0.000000000000000000e+00,0.000000000000000000e+00,-8.889806393029401079e+03,-1.180789387907632462e-03,-1.084655070683830047e+00,-7.789244388019224896e-04
-3.155386832622292470e+00,-9.611262840649545947e-01,1.727754567787051201e+02,0.000000000000000000e+00,0.000000000000000000e+00,2.832190811037627303e-04,-5.804084279405892222e-01,0.000000000000000000e+00,0.000000000000000000e+00,-4.782471984924748540e+03,2.594448715263844856e-04,-2.165904168914777328e-01,-2.625876881945494686e-04
3.550945847138221367e+00,7.984460420136023640e-01,-8.347851340891793370e+01,0.000000000000000000e+00,0.000000000000000000e+00,-2.114159128739683197e-04,4.802377598709309248e-01,0.000000000000000000e+00,0.000000000000000000e+00,3.443101393572986126e+03,-1.185077412449565506e-04,8.664968054571593747e-02,1.768391101755133307e-04
-2.111112951304295215e+00,-1.003812146785125758e+00,9.025060526654124260e+01,0.000000000000000000e+00,0.000000000000000000e+00,2.190385830865031929e-04,-8.714694372643503328e-01,0.000000000000000000e+00,0.000000000000000000e+00,-7.341546153027564287e+03,3.022945687026375975e-04,-6.548709955324938381e-01,-3.877910166221992913e-04
-2.676661419404422926e+00,-1.045366048647536461e+00,2.127790315896272659e+02,0.000000000000000000e+00,0.000000000000000000e+00,2.984347427335699420e-04,-7.081615156908351860e-01,0.000000000000000000e+00,0.000000000000000000e+00,-6.217208645738661289e+03,3.628725408119199097e-04,-4.174028496293810675e-01,-3.437163944597891466e-04
3.468232929794858421e+00,3.496064516658689003e-01,1.215461739823222160e+02,0.000000000000000000e+00,0.000000000000000000e+00,4.011049820323649189e-05,6.372586195867832037e-01,0.000000000000000000e+00,0.000000000000000000e+00,1.149653726553544402e+03,2.050302373952774611e-04,-6.228163157406630540e-02,3.073936034342971487e-05
3.677409833061184408e+00,4.904010325182583258e-02,4.941379287838935852e+01,0.000000000000000000e+00,0.000000000000000000e+00,2.270442557366995071e-05,4.963887441663167310e-01,0.000000000000000000e+00,0.000000000000000000e+00,2.848091386854648590e+02,8.711559642369830680e-05,-2.132975600379884151e-02,1.451184197631498734e-05
3.831768637202238814e+00,6.116959637000842775e-01,-1.135416630655527115e+01,0.000000000000000000e+00,0.000000000000000000e+00,-1.303174935720836957e-04,3.970149206550364629e-01,0.000000000000000000e+00,0.000000000000000000e+00,2.365305954735726118e+03,-1.155362901550601719e-05,1.707368090966083357e-02,1.089166878245918373e-04
3.853317317142253895e+00,4.278529621651388504e-01,2.659272658266127110e+01,0.000000000000000000e+00,0.000000000000000000e+00,-6.520673509858715682e-05,3.155184654181498183e-01,0.000000000000000000e+00,0.000000000000000000e+00,1.528019098744727671e+03,4.550763915741346807e-05,-1.268647654103050373e-02,6.164929150793413003e-05
-1.024427076855072061e+00,-1.036765973829122167e+00,-4.773737593190744519e+02,0.000000000000000000e+00,0.000000000000000000e+00,8.087930318080584181e-05,-1.688060818897235693e+00,0.000000000000000000e+00,0.000000000000000000e+00,-5.830684143706224859e+03,-7.190958123982154303e-04,-1.482984075871695284e-01,-5.112140244326533441e-04
1.954280873369567573e+00,1.126923014472942297e+00,3.327346350848674774e+02,0.000000000000000000e+00,0.000000000000000000e+00,-1.063881795065296071e-04,1.434203817558489247e+00,0.000000000000000000e+00,0.000000000000000000e+00,5.140683532726019621e+03,5.252792885716795965e-04,1.747321057200248995e-02,3.464307191642026378e-04
-1.175724539185927413e-03,-8.487132240202464040e-01,-9.450036937147378922e+02,0.000000000000000000e+00,0.000000000000000000e+00,-1.002109303175696215e-04,-3.061013925937352109e+00,0.000000000000000000e+00,0.000000000000000000e+00,-6.156287252679467201e+03,-1.385974701100990952e-03,-2.075006245713032493e-01,-7.148513575733918659e-04
3.394521889144567872e+00,6.921299430817860754e-02,7.307008232735097408e+01,0.000000000000000000e+00,0.000000000000000000e+00,2.960438509664226780e-05,6.237793605870415314e-01,0.000000000000000000e+00,0.000000000000000000e+00,4.179620560742914677e+02,1.262348578032755934e-04,-2.646533945062732804e-02,2.497574918959850928e-05
3.802764473178422033e+00,3.098390912232131811e-01,7.950861304253339767e+01,0.000000000000000000e+00,0.000000000000000000e+00,7.317865363655028037e-06,3.930877583755680860e-01,0.000000000000000000e+00,0.000000000000000000e+00,1.012900585569441319e+03,1.313722571240517477e-04,-4.130557368592672335e-02,2.963256680865573281e-05
3.923584964385122831e+00,2.019506550816797530e-01,6.208067982830107212e+01,0.000000000000000000e+00,0.000000000000000000e+00,1.837994183194964062e-05,3.204866342558939096e-01,0.000000000000000000e+00,0.000000000000000000e+00,6.429527642540633678e+02,1.045809622074350041e-04,-3.353124851449078292e-02,1.573258529064747510e-05
3.106933447254441205e+00,1.029022246428395043e-01,1.149753154367208481e+02,0.000000000000000000e+00,0.000000000000000000e+00,3.962496365734541397e-05,8.223576106643575301e-01,0.000000000000000000e+00,0.000000000000000000e+00,6.511954569071531296e+02,1.934947359739855593e-04,-3.080504211087346442e-02,4.646215193121964988e-05
3.973515710560632463e+00,2.249635472698194583e-01,8.740326425805687904e+01,0.000000000000000000e+00,0.000000000000000000e+00,4.167674744300006999e-05,5.363252752181782990e-01,0.000000000000000000e+00,0.000000000000000000e+00,7.222423153594136238e+02,1.503617746527398011e-04,-4.741087651284350141e-02,1.534650598297487758e-05
-1.192117885540270586e-03,-7.314050077141746042e-01,-1.062595796585083008e+03,0.000000000000000000e+00,0.000000000000000000e+00,-9.928422089406251560e-05,-2.534865809496487099e+00,0.000000000000000000e+00,0.000000000000000000e+00,-6.622597362637519836e+03,-1.355234225111857189e-03,-5.320714585855831347e-01,-8.547906847878584914e-04
-3.164672236147975659e-01,-8.417614635502534970e-01,-9.113868943005800247e+02,0.000000000000000000e+00,0.000000000000000000e+00,-4.172785200111186229e-05,-2.066408909736083821e+00,0.000000000000000000e+00,0.000000000000000000e+00,-7.447473736070096493e+03,-1.087606699354359222e-03,-6.504283333916751619e-01,-8.253373409541684249e-04
-1.079939375023972081e+00,-1.114778778856976515e+00,-5.972587256282567978e+02,0.000000000000000000e+00,0.000000000000000000e+00,9.064874806641309846e-05,-1.775522788277450470e+00,0.000000000000000000e+00,0.000000000000000000e+00,-8.591085427701473236e+03,-6.887213973905359455e-04,-6.767904389555629008e-01,-7.895098200440184549e-04
1.764288961987064752e+00,1.197252108742521637e+00,2.034346289336681366e+02,0.000000000000000000e+00,0.000000000000000000e+00,-2.244946792515478261e-04,1.292562996375368201e+00,0.000000000000000000e+00,0.000000000000000000e+00,7.471162072174251080e+03,2.421906830225117424e-04,4.399931338088896027e-01,5.885543239539369484e-04
2.311863834339296098e+00,1.117056288692071409e+00,5.765998696349561214e+01,0.000000000000000000e+00,0.000000000000000000e+00,-2.461533768855038570e-04,9.541621616512850901e-01,0.000000000000000000e+00,0.000000000000000000e+00,5.627550433202646673e+03,8.686089582452873883e-05,1.958346028239193459e-01,3.807540066387242591e-04
3.008568597222585961e+00,9.864698294547097346e-01,6.656821280717849731e+01,0.000000000000000000e+00,0.000000000000000000e+00,-1.872451683536174784e-04,7.954918084890971741e-01,0.000000000000000000e+00,0.000000000000000000e+00,4.169575664594769478e+03,1.118353451070675729e-04,4.712466059044212452e-02,2.348990718234490727e-04
3.276464631416905249e+00,6.889296643613770366e-01,8.869289866834878922e+01,0.000000000000000000e+00,0.000000000000000000e+00,-8.630441811922761480e-05,6.019255413626746209e-01,0.000000000000000000e+00,0.000000000000000000e+00,2.567046334803104401e+03,1.448162510012442343e-04,-2.384664138147991885e-02,1.168456107613688179e-04
-3.659178495996612934e+00,-4.793568220152812920e-01,-9.400596714019775391e+01,0.000000000000000000e+00,0.000000000000000000e+00,2.378954197964296382e-05,-4.939838455552452712e-01,0.000000000000000000e+00,0.000000000000000000e+00,-1.645536489281803370e+03,-1.535924078712460304e-04,4.397513350980515601e-02,-5.982351468750192751e-05
