0.000000000000000000e+00,2.177142455650918629e-01,2.962201067785228847e+00,0.000000000000000000e+00,0.000000000000000000e+00,3.250549179560100477e+00,1.124849145729839802e+04,6.768627351379100446e-04
0.000000000000000000e+00,2.712647184061513506e-01,1.512737906007072475e+00,0.000000000000000000e+00,0.000000000000000000e+00,3.730594449120866241e+00,1.509902024224400520e+04,8.490484576057061826e-04
0.000000000000000000e+00,6.164035275863301022e-01,5.546615723817843069e+00,0.000000000000000000e+00,0.000000000000000000e+00,6.777911711942705697e-01,1.015569213850051165e+04,-1.724692362063316123e-04
0.000000000000000000e+00,7.173480851156558424e-01,5.640421856751985707e+00,0.000000000000000000e+00,0.000000000000000000e+00,8.720463933345485863e-01,1.408601500028371811e+04,-3.484928396487299899e-04
0.000000000000000000e+00,6.375462559199718271e-01,4.861795732874312215e+00,0.000000000000000000e+00,0.000000000000000000e+00,9.815420130585197356e-01,1.600808816191554070e+04,-4.115221989014685865e-04
0.000000000000000000e+00,5.752578303359044964e-01,4.607345313380227125e+00,0.000000000000000000e+00,0.000000000000000000e+00,1.266010550407717039e+00,1.948608205352723598e+04,-3.809560613181121576e-04
0.000000000000000000e+00,3.402539748459680324e-01,4.363012044929994726e-01,0.000000000000000000e+00,0.000000000000000000e+00,4.299195236940057896e+00,2.053653331093490124e+04,1.053702703481732179e-03
0.000000000000000000e+00,4.124925586961259438e-01,7.330138380477052573e-04,0.000000000000000000e+00,0.000000000000000000e+00,4.767036447247487985e+00,2.694802882890403271e+04,1.225123499425317996e-03
0.000000000000000000e+00,-4.036098269551522399e-01,-6.112522211092464630e+00,0.000000000000000000e+00,0.000000000000000000e+00,-5.001615674883648222e-01,-5.613736620396375656e+03,-4.553771038080076144e-05
0.000000000000000000e+00,-5.166299765587020199e-01,-5.838866059875755354e+00,0.000000000000000000e+00,0.000000000000000000e+00,-5.780967877086645723e-01,-7.625906069450080395e+03,3.836280435127506879e-05
0.000000000000000000e+00,-7.306019331397511397e-03,-5.181546758491630378e+00,0.000000000000000000e+00,0.000000000000000000e+00,-4.230863577227874650e-01,-2.164900381863117218e+02,-1.734095002759626435e-05
0.000000000000000000e+00,-1.166845142083942910e-02,-6.095208073477582644e+00,0.000000000000000000e+00,0.000000000000000000e+00,-6.024447074071320740e-01,-3.514453720021992922e+02,-2.816117589889594006e-05
0.000000000000000000e+00,3.141379722707472039e-02,5.564067869173417336e+00,0.000000000000000000e+00,0.000000000000000000e+00,1.122439196346772583e+00,1.026844083100557327e+03,7.979213119844870926e-05
0.000000000000000000e+00,-4.129465289308816012e-02,-4.684552885394917432e+00,0.000000000000000000e+00,0.000000000000000000e+00,-1.286064651449620122e+00,-1.398242969579994678e+03,-1.064431596155768157e-04
0.000000000000000000e+00,-1.383492697356354661e-02,-5.232676728183865755e+00,0.000000000000000000e+00,0.000000000000000000e+00,-6.387507211139679120e-01,-4.285459409086033702e+02,-3.387157862292032416e-05
0.000000000000000000e+00,2.141400980192780662e-02,5.653953519732913158e+00,0.000000000000000000e+00,0.000000000000000000e+00,8.733662729546580739e-01,6.805747301457449794e+02,5.298805317405812156e-05
0.000000000000000000e+00,-4.120315443554032897e-01,-3.367351267318505759e+00,0.000000000000000000e+00,0.000000000000000000e+00,-2.082583752312383574e+00,-2.450539129931479692e+04,-1.149719708744643542e-04
0.000000000000000000e+00,4.426988348185413868e-01,3.757503292246985094e+00,0.000000000000000000e+00,0.000000000000000000e+00,1.486990517099291420e+00,2.040899484936892986e+04,-1.713373629108754534e-04
0.000000000000000000e+00,5.041015902595374909e-02,6.037310617823022696e+00,0.000000000000000000e+00,0.000000000000000000e+00,9.286124508636088848e-01,2.278193247437477112e+03,1.526453359757598809e-04
0.000000000000000000e+00,3.757089545118889179e-02,6.019406656250727572e+00,0.000000000000000000e+00,0.000000000000000000e+00,7.315673735742524997e-01,1.635770135737955570e+03,1.119741774769686231e-04
0.000000000000000000e+00,3.142580901320227854e-02,6.560558993858829346e+00,0.000000000000000000e+00,0.000000000000000000e+00,6.461206216575715588e-01,1.320860915169119835e+03,9.207533881173367567e-05
0.000000000000000000e+00,2.215075976643528927e-02,5.909070372510417890e+00,0.000000000000000000e+00,0.000000000000000000e+00,4.805969199116452151e-01,9.024131300449371338e+02,6.394334923349965713e-05
0.000000000000000000e+00,-3.619166311128081404e-01,-5.620118043596636836e-04,0.000000000000000000e+00,0.000000000000000000e+00,-4.156234567175762784e+00,-2.376104362975060940e+04,-1.070016990447140558e-03
0.000000000000000000e+00,3.810794602640291129e-01,3.961015608204901950e-01,0.000000000000000000e+00,0.000000000000000000e+00,3.926434339074182045e+00,2.675127709469944239e+04,1.009799367978544797e-03
0.000000000000000000e+00,3.776900260956950195e-01,1.347039407681919654e+00,0.000000000000000000e+00,0.000000000000000000e+00,3.334962623689581740e+00,2.735255340368673205e+04,7.793729298925022647e-04
0.000000000000000000e+00,-3.740266072941225151e-01,-2.386606679338291404e+00,0.000000000000000000e+00,0.000000000000000000e+00,-2.625227852079393021e+00,-2.590583098674006760e+04,-4.500823902779461688e-04
0.000000000000000000e+00,-1.052244003856011301e-01,-3.928612920437515310e+00,0.000000000000000000e+00,0.000000000000000000e+00,-2.426188192598705662e+00,-3.882926612731069326e+03,-2.824866156810952231e-04
0.000000000000000000e+00,-6.213669878010392306e-02,-4.230207547594821982e+00,0.000000000000000000e+00,0.000000000000000000e+00,-1.672303087122841481e+00,-2.189205735705792904e+03,-1.634368592929429922e-04
0.000000000000000000e+00,-7.583694136617720460e-02,-5.642453822182745604e+00,0.000000000000000000e+00,0.000000000000000000e+00,-5.585884197302087850e-01,-1.209071663245558739e+03,-8.285466882797171476e-05
0.000000000000000000e+00,-5.301463883666648891e-02,-6.102637686911575265e+00,0.000000000000000000e+00,0.000000000000000000e+00,-4.990816808777698843e-01,-8.648034707307815552e+02,-6.215759310103735288e-05
0.000000000000000000e+00,-2.069607479916959480e-01,-5.806114174280740059e+00,0.000000000000000000e+00,0.000000000000000000e+00,-8.980061185785102040e-01,-3.186452480927109718e+03,-1.896782763684745014e-04
0.000000000000000000e+00,-1.255269484716084460e-01,-5.833986023525347342e+00,0.000000000000000000e+00,0.000000000000000000e+00,-7.129434731744678233e-01,-1.961770908802747726e+03,-1.273658968098431547e-04
0.000000000000000000e+00,2.311124131748424071e-01,1.528620464943655888e+00,0.000000000000000000e+00,0.000000000000000000e+00,3.773083866511293127e+00,9.484179230434354395e+03,6.312529204773144938e-04
0.000000000000000000e+00,-1.658256251319512597e-01,-2.951664830130769079e+00,0.000000000000000000e+00,0.000000000000000000e+00,-3.240144237869109656e+00,-6.443996050141751766e+03,-4.518367923447000529e-04
0.000000000000000000e+00,4.723833644719171998e-01,9.320669583529468628e-04,0.000000000000000000e+00,0.000000000000000000e+00,4.964634450180541947e+00,2.070686116861552000e+04,1.147448951391831116e-03
0.000000000000000000e+00,3.326322675255047323e-01,4.504616665748322202e-01,0.000000000000000000e+00,0.000000000000000000e+00,4.435690910217778615e+00,1.431795962179452181e+04,8.840071423352216474e-04
0.000000000000000000e+00,6.585611347677361449e-02,5.718004858495130627e+00,0.000000000000000000e+00,0.000000000000000000e+00,1.148898266412254898e+00,3.104117783114314079e+03,2.025809911386525436e-04
0.000000000000000000e+00,7.717667578870496259e-02,4.667277268305921822e+00,0.000000000000000000e+00,0.000000000000000000e+00,1.275963052404554876e+00,3.813807124182581902e+03,2.416408799637720936e-04
0.000000000000000000e+00,2.036096833847527432e-01,2.642436218358929612e+00,0.000000000000000000e+00,0.000000000000000000e+00,2.887602256967917835e+00,1.200094835665822029e+04,6.655703704568554984e-04
0.000000000000000000e+00,-2.941829977251881334e-01,-1.618144898744934279e+00,0.000000000000000000e+00,0.000000000000000000e+00,-3.977071224012425077e+00,-1.863492683479189873e+04,-9.670959481775891339e-04
0.000000000000000000e+00,1.107819179722218106e-01,4.417877629662750216e+00,0.000000000000000000e+00,0.000000000000000000e+00,1.739394294446513944e+00,5.775473835691809654e+03,3.529271499754508992e-04
0.000000000000000000e+00,1.639696035691007858e-01,3.975769240744789546e+00,0.000000000000000000e+00,0.000000000000000000e+00,2.445207504305132229e+00,9.061807557091116905e+03,5.298985745202758639e-04
0.000000000000000000e+00,4.953671144641410562e-01,6.333702765638554055e+00,0.000000000000000000e+00,0.000000000000000000e+00,5.161322062180462300e-01,1.019095096302032471e+04,-4.966833107850462860e-04
0.000000000000000000e+00,4.315329778438226072e-01,5.666680798561642085e+00,0.000000000000000000e+00,0.000000000000000000e+00,5.582988527403109913e-01,1.103127217069268227e+04,-5.373327734245572120e-04
0.000000000000000000e+00,3.508904889303983143e-01,4.619940998117580966e-01,0.000000000000000000e+00,0.000000000000000000e+00,4.527930787900924514e+00,2.404775287416577339e+04,1.147255014949244336e-03
0.000000000000000000e+00,3.488005003896165745e-01,1.057145102505189019e-03,0.000000000000000000e+00,0.000000000000000000e+00,4.305103125677437248e+00,2.590134225786477327e+04,1.114352924551013750e-03
0.000000000000000000e+00,-2.851911258684101114e-01,-1.270153222057174514e+00,0.000000000000000000e+00,0.000000000000000000e+00,-3.134810678036172416e+00,-2.496908335249871016e+04,-7.519986972470309779e-04
0.000000000000000000e+00,-2.763221284877259709e-01,-2.528704900416954171e+00,0.000000000000000000e+00,0.000000000000000000e+00,-2.772052206674928687e+00,-2.545698517772555351e+04,-5.602273188694628994e-04
0.000000000000000000e+00,-3.319700045161663726e-01,-9.049544371147574991e-04,0.000000000000000000e+00,0.000000000000000000e+00,-4.079598605304435743e+00,-2.484006691095232964e+04,-1.056674828996931499e-03
0.000000000000000000e+00,-3.138228061508370192e-01,-3.713405021109594251e-01,0.000000000000000000e+00,0.000000000000000000e+00,-3.674435537729738854e+00,-2.546233829011023045e+04,-9.416387149596697681e-04
0.000000000000000000e+00,-2.387150915677664631e-01,-4.559587794733279686e+00,0.000000000000000000e+00,0.000000000000000000e+00,-1.248513754513239871e+00,-1.747556682301685214e+04,1.774380088156037960e-04
0.000000000000000000e+00,-2.722014214438415736e-01,-4.945880855168580226e+00,0.000000000000000000e+00,0.000000000000000000e+00,-9.946815031563824849e-01,-1.576280481606721878e+04,3.546787213657463063e-04
0.000000000000000000e+00,-2.479057296062410765e-01,-3.502832335642150685e+00,0.000000000000000000e+00,0.000000000000000000e+00,-2.159070301162094641e+00,-2.288699854437261820e+04,-2.871219785278517826e-04
0.000000000000000000e+00,-2.267197011302165000e-01,-4.040156302268505861e+00,0.000000000000000000e+00,0.000000000000000000e+00,-1.593484053356724051e+00,-1.946723667752742767e+04,-3.390230983920155871e-05
0.000000000000000000e+00,3.327235668879399144e-01,5.394500306762082253e+00,0.000000000000000000e+00,0.000000000000000000e+00,8.305662561726594451e-01,1.460802997577190399e+04,-4.987528340983404026e-04
0.000000000000000000e+00,3.968691227249048770e-01,5.691042894017357412e+00,0.000000000000000000e+00,0.000000000000000000e+00,6.921940628955153274e-01,1.313843419763445854e+04,-5.707761557758686023e-04
0.000000000000000000e+00,-6.720188678694486439e-01,-4.129512613757843731e+00,0.000000000000000000e+00,0.000000000000000000e+00,-1.635385438972772887e+00,-1.179712327332794666e+04,-4.131802954642850622e-04
0.000000000000000000e+00,-7.671554550462323929e-01,-3.262409920329305546e+00,0.000000000000000000e+00,0.000000000000000000e+00,-2.018227509468771164e+00,-1.617889097020030022e+04,-4.798908912280081289e-04
0.000000000000000000e+00,7.619119462884362814e-01,2.418576631951727673e+00,0.000000000000000000e+00,0.000000000000000000e+00,2.659447461532352452e+00,2.080832742065191269e+04,6.444082734960071600e-04
0.000000000000000000e+00,5.731153204232232179e-01,1.208113880246520333e+00,0.000000000000000000e+00,0.000000000000000000e+00,2.988711215552573908e+00,2.021803855797275901e+04,7.694893460493670498e-04
0.000000000000000000e+00,5.856775425172980887e-01,4.544570242187181419e-01,0.000000000000000000e+00,0.000000000000000000e+00,4.498758177206049425e+00,2.434465110546723008e+04,1.146775577472277947e-03
0.000000000000000000e+00,-4.206336742231371884e-01,-3.060524349922720370e-04,0.000000000000000000e+00,0.000000000000000000e+00,-4.382905377741391106e+00,-1.843227377665042877e+04,-1.016940676635549922e-03
0.000000000000000000e+00,1.253487222615132061e-02,6.117441941890853663e+00,0.000000000000000000e+00,0.000000000000000000e+00,5.000050356254972517e-01,4.038631950914859772e+02,3.157881251447903294e-05
0.000000000000000000e+00,1.654981326159428445e-02,6.068519038375214336e+00,0.000000000000000000e+00,0.000000000000000000e+00,6.002491127068284582e-01,5.461535212248563766e+02,4.241481324222195440e-05
0.000000000000000000e+00,-2.937766869542691728e-01,-4.866159237780525615e+00,0.000000000000000000e+00,0.000000000000000000e+00,-9.832560921008665078e-01,-4.527179508358240128e+03,-2.376771991379957201e-04
0.000000000000000000e+00,-4.445098709895424216e-01,-4.368145631283766761e+00,0.000000000000000000e+00,0.000000000000000000e+00,-1.201386250988045523e+00,-7.089863216429948807e+03,-3.106198921639623245e-04
0.000000000000000000e+00,-1.190032711638231017e-01,-3.629857178849653643e+00,0.000000000000000000e+00,0.000000000000000000e+00,-2.242527837804093149e+00,-4.963876147560775280e+03,-3.404206220252351629e-04
0.000000000000000000e+00,8.802942040387047584e-02,4.727214805978734447e+00,0.000000000000000000e+00,0.000000000000000000e+00,1.869189400430671055e+00,3.479008323788642883e+03,2.469397410427642088e-04
0.000000000000000000e+00,5.352509326741131113e-02,4.642642831151218452e+00,0.000000000000000000e+00,0.000000000000000000e+00,1.275047350705060589e+00,2.018310374287422746e+03,1.469953571381313220e-04
0.000000000000000000e+00,4.524542725165259932e-02,5.973433557846565378e+00,0.000000000000000000e+00,0.000000000000000000e+00,1.205118963246841757e+00,1.639903270527720451e+03,1.218453944491335495e-04
0.000000000000000000e+00,4.220143898081026856e-01,6.630334877151291802e-04,0.000000000000000000e+00,0.000000000000000000e+00,4.534824365419138026e+00,2.267432877558469772e+04,1.130283782433674214e-03
0.000000000000000000e+00,-3.300691279159919667e-01,-4.235065438952949068e-01,0.000000000000000000e+00,0.000000000000000000e+00,-4.173998147915750856e+00,-1.677719933301210403e+04,-9.463292931218456831e-04
0.000000000000000000e+00,2.595379028890322792e-01,1.534481379375085330e+00,0.000000000000000000e+00,0.000000000000000000e+00,3.788370952787707857e+00,1.231801299946382642e+04,7.584264775417406132e-04
0.000000000000000000e+00,1.776055389750613167e-01,2.692141936907300082e+00,0.000000000000000000e+00,0.000000000000000000e+00,2.956164994039153004e+00,7.878598879247903824e+03,5.163329120698777284e-04
0.000000000000000000e+00,3.374863757419238608e-02,6.463335221032489919e+00,0.000000000000000000e+00,0.000000000000000000e+00,9.987137068905287407e-01,1.178465517334640026e+03,8.918635435686948657e-05
0.000000000000000000e+00,2.293518458698771620e-02,6.163763838946209717e+00,0.000000000000000000e+00,0.000000000000000000e+00,7.524219477762945640e-01,7.769476916864514351e+02,5.935689604070491695e-05
0.000000000000000000e+00,-1.513300904880160169e-01,-6.487620042225827888e+00,0.000000000000000000e+00,0.000000000000000000e+00,-5.310270563730494775e-01,-2.211027541741728783e+03,-1.223409803102517819e-04
0.000000000000000000e+00,-2.142634349381997982e-01,-5.980599578913786907e+00,0.000000000000000000e+00,0.000000000000000000e+00,-5.924212827431502015e-01,-3.086529395580291748e+03,-1.494200601365951826e-04
0.000000000000000000e+00,5.552732163737321702e-01,2.178605454836680444e+00,0.000000000000000000e+00,0.000000000000000000e+00,2.396775325642530152e+00,2.318794636048376560e+04,4.318666713211714381e-04
0.000000000000000000e+00,5.043146017326265440e-01,1.304056037755600750e+00,0.000000000000000000e+00,0.000000000000000000e+00,3.229656158485628481e+00,2.556909814760088921e+04,7.764633425482607215e-04
0.000000000000000000e+00,8.026267723289959299e-01,3.969823512051671610e+00,0.000000000000000000e+00,0.000000000000000000e+00,1.572254667033099906e+00,1.867967702894657850e+04,7.147218314874483687e-05
0.000000000000000000e+00,7.068706382834508695e-01,3.197392397542597742e+00,0.000000000000000000e+00,0.000000000000000000e+00,1.978459292613341081e+00,2.215242847979068756e+04,1.868909864912408761e-04
0.000000000000000000e+00,-6.813063201914465461e-01,-5.391055125126674952e+00,0.000000000000000000e+00,0.000000000000000000e+00,-1.089902763240072847e+00,-1.083215778720378876e+04,-1.815065689440824726e-04
0.000000000000000000e+00,8.283263953738385643e-01,4.875252770250114942e+00,0.000000000000000000e+00,0.000000000000000000e+00,1.341097223154903872e+00,1.525201867944747210e+04,1.097538410134323348e-04
0.000000000000000000e+00,-3.003488048945549549e-01,-5.394315169018112144e+00,0.000000000000000000e+00,0.000000000000000000e+00,-6.594375840688699864e-01,-4.322901582166552544e+03,-1.703739105835772125e-04
0.000000000000000000e+00,-4.909863769796152244e-01,-5.723752292360093641e+00,0.000000000000000000e+00,0.000000000000000000e+00,-8.859004492347907211e-01,-7.252535080134868622e+03,-2.065205786780210506e-04
0.000000000000000000e+00,-4.071464246169503864e-01,-2.960487015623290593e-05,0.000000000000000000e+00,0.000000000000000000e+00,-4.339955288205290529e+00,-2.191613119179010391e+04,-1.084881626007560673e-03
0.000000000000000000e+00,-4.621539719274700420e-01,-4.020765467139670313e-01,0.000000000000000000e+00,0.000000000000000000e+00,-3.987754253633040147e+00,-2.521033979725837708e+04,-1.033910479257083102e-03
0.000000000000000000e+00,2.431885637804323541e-02,6.393221734628605546e+00,0.000000000000000000e+00,0.000000000000000000e+00,6.319752233318431944e-01,9.012833355367183685e+02,6.673758308716342704e-05
0.000000000000000000e+00,1.881974043792452103e-02,6.469906577949194215e+00,0.000000000000000000e+00,0.000000000000000000e+00,5.283995933779432885e-01,6.803187239244580269e+02,5.071438487378965391e-05
0.000000000000000000e+00,4.180712998262627739e-02,6.038228818050196622e+00,0.000000000000000000e+00,0.000000000000000000e+00,9.324200662705414144e-01,1.658982464678585529e+03,1.185620965923624257e-04
0.000000000000000000e+00,2.927592504875674295e-02,5.773907074381603444e+00,0.000000000000000000e+00,0.000000000000000000e+00,7.045520920268169007e-01,1.119203280583024025e+03,8.162390680084819731e-05
0.000000000000000000e+00,7.752269871922248812e-02,5.374172525851810711e+00,0.000000000000000000e+00,0.000000000000000000e+00,1.474919473024270955e+00,3.351723621949553490e+03,2.285715003408070659e-04
0.000000000000000000e+00,-5.256510079673155228e-02,-5.374442848061419475e+00,0.000000000000000000e+00,0.000000000000000000e+00,-1.083967678349002428e+00,-2.172397296910174191e+03,-1.521370737187047217e-04
0.000000000000000000e+00,1.353158642789022981e-01,3.549833998688435077e+00,0.000000000000000000e+00,0.000000000000000000e+00,2.191720313699576650e+00,6.540375276044011116e+03,4.144729385104663753e-04
0.000000000000000000e+00,1.022725996245241187e-01,4.543670085020974803e+00,0.000000000000000000e+00,0.000000000000000000e+00,1.795712125846613549e+00,4.658201059877872467e+03,3.075435273734812222e-04
1.850640619509943963e-01,0.000000000000000000e+00,0.000000000000000000e+00,2.738828491866144521e+00,2.999047426999712496e+00,0.000000000000000000e+00,9.642191838875412941e+03,6.156237004006477826e-04
2.751119533244548720e-01,0.000000000000000000e+00,0.000000000000000000e+00,1.645296016288333218e+00,4.052499359016030311e+00,0.000000000000000000e+00,1.550743466386198997e+04,9.318584632225157191e-04
-5.873441197840516548e-01,0.000000000000000000e+00,0.000000000000000000e+00,-6.056481506909837442e+00,-7.388679751886296776e-01,0.000000000000000000e+00,-9.010820921439677477e+03,-8.281693760610404540e-05
6.749198376651449616e-01,0.000000000000000000e+00,0.000000000000000000e+00,5.283786886620052137e+00,8.157453378968907431e-01,0.000000000000000000e+00,1.156382538972049952e+04,-3.221366320498837514e-05
-7.397657559795043358e-01,0.000000000000000000e+00,0.000000000000000000e+00,-4.909163628432379411e+00,-9.893478546796752315e-01,0.000000000000000000e+00,-1.531225781917572021e+04,1.623035338416267280e-04
-6.854707137904432201e-01,0.000000000000000000e+00,0.000000000000000000e+00,-4.371645126292102113e+00,-1.198908045334508454e+00,0.000000000000000000e+00,-1.866047825318574905e+04,2.069292338314945693e-04
3.507938270824478288e-01,0.000000000000000000e+00,0.000000000000000000e+00,4.764736556798911948e-01,4.678227233233926974e+00,0.000000000000000000e+00,2.154147450060397387e+04,1.192293192276406037e-03
4.006775824501588867e-01,0.000000000000000000e+00,0.000000000000000000e+00,5.001734895625390776e-04,4.801363825089150161e+00,0.000000000000000000e+00,2.674449258368462324e+04,1.323461378542695188e-03
3.124047344266615012e-01,0.000000000000000000e+00,0.000000000000000000e+00,6.649069899208383205e+00,5.430826325180587721e-01,0.000000000000000000e+00,4.468369449876248837e+03,1.487539675457180547e-04
4.332031428276465479e-01,0.000000000000000000e+00,0.000000000000000000e+00,6.313207639267486293e+00,6.241079045503673539e-01,0.000000000000000000e+00,6.302226592376828194e+03,1.382614102411314672e-04
-8.873057671465702650e-03,0.000000000000000000e+00,0.000000000000000000e+00,-6.196219631864864574e+00,-5.062983892290218169e-01,0.000000000000000000e+00,-2.788231133222579956e+02,-2.253509577077713255e-05
1.346135933003996497e-02,0.000000000000000000e+00,0.000000000000000000e+00,6.981403542151333852e+00,6.902334359845064826e-01,0.000000000000000000e+00,4.329382097152993083e+02,3.454047047753886315e-05
3.058116689696262908e-02,0.000000000000000000e+00,0.000000000000000000e+00,5.404521801504711398e+00,1.090212819516649612e+00,0.000000000000000000e+00,1.066855161720886827e+03,8.267156811383345120e-05
-4.625771204658151586e-02,0.000000000000000000e+00,0.000000000000000000e+00,-5.259190411247672614e+00,-1.444047019958214273e+00,0.000000000000000000e+00,-1.675250072821974754e+03,-1.280471351465985587e-04
1.814938943403588550e-02,0.000000000000000000e+00,0.000000000000000000e+00,6.788222594477344884e+00,8.285572709688250326e-01,0.000000000000000000e+00,5.969200586099177599e+02,4.746497571974633015e-05
2.406823128765542621e-02,0.000000000000000000e+00,0.000000000000000000e+00,6.314032987831132537e+00,9.750800171815448003e-01,0.000000000000000000e+00,8.146153158657252789e+02,6.395548834889278457e-05
4.748215071058937142e-01,0.000000000000000000e+00,0.000000000000000000e+00,3.221679947690335499e+00,1.988141823334800051e+00,0.000000000000000000e+00,2.480147840300947428e+04,1.906245844161108787e-04
-5.920863586061945183e-01,0.000000000000000000e+00,0.000000000000000000e+00,-3.947147166555541098e+00,-1.558713926047863296e+00,0.000000000000000000e+00,-2.245004425123333931e+04,9.000161743229434606e-05
4.237521867434204670e-02,0.000000000000000000e+00,0.000000000000000000e+00,5.849486877699653142e+00,9.043870476059817642e-01,0.000000000000000000e+00,1.881248826742172241e+03,1.332328582145459795e-04
3.359718364768185528e-02,0.000000000000000000e+00,0.000000000000000000e+00,6.266385929738847338e+00,7.655929299548636102e-01,0.000000000000000000e+00,1.433618627667427063e+03,1.034693775210434062e-04
2.877513603654181101e-02,0.000000000000000000e+00,0.000000000000000000e+00,7.074589203752149835e+00,7.000524858101354608e-01,0.000000000000000000e+00,1.185932736337184906e+03,8.689198577174663939e-05
2.058173612512502471e-02,0.000000000000000000e+00,0.000000000000000000e+00,6.546781419401772162e+00,5.353587081094030031e-01,0.000000000000000000e+00,8.239685831964015961e+02,6.107276760051129805e-05
-3.999894496846937986e-01,0.000000000000000000e+00,0.000000000000000000e+00,-6.061805426948571520e-04,-4.762512581021271174e+00,0.000000000000000000e+00,-2.680800254738330841e+04,-1.317164131198260597e-03
-4.125205584983248630e-01,0.000000000000000000e+00,0.000000000000000000e+00,-4.340449872506280671e-01,-4.294427896618406848e+00,0.000000000000000000e+00,-2.949108739317953587e+04,-1.227913281770540242e-03
4.283796393636359889e-01,0.000000000000000000e+00,0.000000000000000000e+00,1.481740077912181430e+00,3.658438863068571578e+00,0.000000000000000000e+00,3.093724244910478592e+04,9.910240218885073542e-04
4.420995660999989529e-01,0.000000000000000000e+00,0.000000000000000000e+00,2.548643797336469952e+00,2.796832766137855586e+00,0.000000000000000000e+00,2.900279621243476868e+04,5.930471355622439142e-04
-1.091998978222399885e-01,0.000000000000000000e+00,0.000000000000000000e+00,-4.125273671767716976e+00,-2.547601521971608829e+00,0.000000000000000000e+00,-4.326906861956231296e+03,-3.165015298362356061e-04
-7.297549460678895428e-02,0.000000000000000000e+00,0.000000000000000000e+00,-5.001552917451385305e+00,-1.977264339276070260e+00,0.000000000000000000e+00,-2.754714101370424032e+03,-2.065213719695330934e-04
1.059366331199474293e-01,0.000000000000000000e+00,0.000000000000000000e+00,7.058945764781014987e+00,6.988714510285831683e-01,0.000000000000000000e+00,1.741000402400270104e+03,1.186307011101770298e-04
-6.439843386144178394e-02,0.000000000000000000e+00,0.000000000000000000e+00,-6.661191885605682650e+00,-5.449660318751563537e-01,0.000000000000000000e+00,-1.082908092677593231e+03,-7.707972067642403994e-05
2.467043525859658470e-01,0.000000000000000000e+00,0.000000000000000000e+00,6.175161710900989753e+00,9.554310934497579622e-01,0.000000000000000000e+00,3.920145130883902311e+03,2.283849531111169543e-04
1.573959778733045600e-01,0.000000000000000000e+00,0.000000000000000000e+00,6.527020811697182623e+00,7.974439358131787392e-01,0.000000000000000000e+00,2.533419210240244865e+03,1.619659187350622285e-04
-2.724646047328097009e-01,0.000000000000000000e+00,0.000000000000000000e+00,-1.848687527948310372e+00,-4.563372086984917253e+00,0.000000000000000000e+00,-1.209933323199301958e+04,-8.140049852971531193e-04
-1.568382268490439713e-01,0.000000000000000000e+00,0.000000000000000000e+00,-2.842643105107770740e+00,-3.119940833027505800e+00,0.000000000000000000e+00,-6.564914714917540550e+03,-4.637334833315864238e-04
-4.757632175503153649e-01,0.000000000000000000e+00,0.000000000000000000e+00,-6.928307391532150536e-04,-5.241344315448673186e+00,0.000000000000000000e+00,-2.296995355632901192e+04,-1.302957791881321136e-03
3.784478694183915359e-01,0.000000000000000000e+00,0.000000000000000000e+00,5.312308522057856974e-01,5.228868807487279113e+00,0.000000000000000000e+00,1.775485918246116489e+04,1.113994343730162918e-03
-5.740449895137353375e-02,0.000000000000000000e+00,0.000000000000000000e+00,-5.665567481062108612e+00,-1.143963226227476815e+00,0.000000000000000000e+00,-2.656716625262051821e+03,-1.841732357002895946e-04
7.969851415630263558e-02,0.000000000000000000e+00,0.000000000000000000e+00,5.408473603709290423e+00,1.486260481864903893e+00,0.000000000000000000e+00,3.875473378445953131e+03,2.618185697998914939e-04
2.070384719151762143e-01,0.000000000000000000e+00,0.000000000000000000e+00,2.893263379688138404e+00,3.178037327499631637e+00,0.000000000000000000e+00,1.216907880719006062e+04,7.311539965198221840e-04
2.674752912685187667e-01,0.000000000000000000e+00,0.000000000000000000e+00,1.563199263256986216e+00,3.860908350425855673e+00,0.000000000000000000e+00,1.704261937968805432e+04,9.632522936847292584e-04
1.106581807298245013e-01,0.000000000000000000e+00,0.000000000000000000e+00,4.880526492929361915e+00,1.931141053427998022e+00,0.000000000000000000e+00,5.685280104257166386e+03,3.724523581850977972e-04
1.696735494155212631e-01,0.000000000000000000e+00,0.000000000000000000e+00,4.489010446018610878e+00,2.775059419547551975e+00,0.000000000000000000e+00,9.285293271645903587e+03,5.854953120332935220e-04
5.561720850225636559e-01,0.000000000000000000e+00,0.000000000000000000e+00,6.454026190756413150e+00,5.286236981515508582e-01,0.000000000000000000e+00,8.702697190657258034e+03,-1.448047183750255133e-04
-6.122777324206174487e-01,0.000000000000000000e+00,0.000000000000000000e+00,-6.039919771781923963e+00,-5.987917104244903088e-01,0.000000000000000000e+00,-1.091576309140026569e+04,2.989820368282293138e-04
3.627919343706165201e-01,0.000000000000000000e+00,0.000000000000000000e+00,5.006396995981592379e-01,4.933090532332069067e+00,0.000000000000000000e+00,2.529651900742948055e+04,1.319051978340053622e-03
3.963729683184420982e-01,0.000000000000000000e+00,0.000000000000000000e+00,1.176520948686016373e-03,5.084061804196545964e+00,0.000000000000000000e+00,3.034181684088706970e+04,1.428149477013113990e-03
3.158156499260569294e-01,0.000000000000000000e+00,0.000000000000000000e+00,1.386802926306325290e+00,3.438764903883688717e+00,0.000000000000000000e+00,2.881678262261673808e+04,9.372012729937635820e-04
2.980455424371188378e-01,0.000000000000000000e+00,0.000000000000000000e+00,2.540915029197400532e+00,2.798551397218536518e+00,0.000000000000000000e+00,2.787700176152586937e+04,6.400651142048995436e-04
-3.288050478203635718e-01,0.000000000000000000e+00,0.000000000000000000e+00,-6.488277831106261913e-04,-4.198674703821239973e+00,0.000000000000000000e+00,-2.534305500203371048e+04,-1.182268946674466022e-03
-3.764313413600299807e-01,0.000000000000000000e+00,0.000000000000000000e+00,-4.531921478968704009e-01,-4.498859327734908042e+00,0.000000000000000000e+00,-3.181950948782265186e+04,-1.285532034153424050e-03
-4.137788110233038275e-01,0.000000000000000000e+00,0.000000000000000000e+00,-5.058074965963580638e+00,-1.391514550002569406e+00,0.000000000000000000e+00,-2.236668514314293861e+04,3.146366117838157467e-04
-5.122213861032128834e-01,0.000000000000000000e+00,0.000000000000000000e+00,-5.474066520278604742e+00,-1.106413103851640711e+00,0.000000000000000000e+00,-1.986145753833651543e+04,5.060017812398044657e-04
-3.157572969244620276e-01,0.000000000000000000e+00,0.000000000000000000e+00,-3.760806982775631635e+00,-2.329246161244423075e+00,0.000000000000000000e+00,-2.754293303976207972e+04,-3.214687178425016875e-04
-3.101102643375174273e-01,0.000000000000000000e+00,0.000000000000000000e+00,-4.058039233173130533e+00,-1.608104972514520004e+00,0.000000000000000000e+00,-2.238305089793354273e+04,2.279279927978073583e-05
-5.786172251872152561e-01,0.000000000000000000e+00,0.000000000000000000e+00,-5.521859438659143748e+00,-8.545147366044701931e-01,0.000000000000000000e+00,-1.633842265564203262e+04,5.324301376956061885e-04
-6.604324522243129048e-01,0.000000000000000000e+00,0.000000000000000000e+00,-6.090674951327256892e+00,-7.448645716922800419e-01,0.000000000000000000e+00,-1.432135187414288521e+04,4.769984287913610495e-04
8.960684377489855912e-01,0.000000000000000000e+00,0.000000000000000000e+00,5.184971191748562802e+00,2.053315865973829091e+00,0.000000000000000000e+00,1.679008729441463947e+04,5.650938990068635464e-04
9.814511744664524695e-01,0.000000000000000000e+00,0.000000000000000000e+00,4.121496934413186430e+00,2.549573623168043035e+00,0.000000000000000000e+00,2.265963571597635746e+04,6.655494332120162615e-04
8.186783968686026647e-01,0.000000000000000000e+00,0.000000000000000000e+00,2.687429110185371783e+00,2.955038880025375292e+00,0.000000000000000000e+00,2.501953783577308059e+04,7.991337336940849186e-04
6.185697214684110490e-01,0.000000000000000000e+00,0.000000000000000000e+00,1.381158463597236707e+00,3.418329226745830951e+00,0.000000000000000000e+00,2.457621721191704273e+04,9.752683833923592562e-04
-5.358181548607494626e-01,0.000000000000000000e+00,0.000000000000000000e+00,-4.403210978381563168e-01,-4.362061247450268908e+00,0.000000000000000000e+00,-2.486306794391572475e+04,-1.211340148023066880e-03
-4.342362021060919841e-01,0.000000000000000000e+00,0.000000000000000000e+00,-7.590926540919593632e-04,-4.745369779316108705e+00,0.000000000000000000e+00,-2.096987578698992729e+04,-1.184581182941480846e-03
-1.250172154924121364e-02,0.000000000000000000e+00,0.000000000000000000e+00,-6.767998732887821056e+00,-5.524331817054870530e-01,0.000000000000000000e+00,-4.180259626880288124e+02,-3.291556479491127826e-05
1.600234796763454898e-02,0.000000000000000000e+00,0.000000000000000000e+00,6.452978525098142626e+00,6.375309393663208812e-01,0.000000000000000000e+00,5.445719249639660120e+02,4.265244921588805011e-05
4.293170730254596834e-01,0.000000000000000000e+00,0.000000000000000000e+00,6.376906313330160891e+00,1.288612165773958651e+00,0.000000000000000000e+00,6.858085332738235593e+03,3.497481658854471290e-04
6.518262036479471888e-01,0.000000000000000000e+00,0.000000000000000000e+00,5.837350370281820133e+00,1.605562220778618432e+00,0.000000000000000000e+00,1.089112571438774467e+04,4.587411752658255930e-04
-1.204674390021274327e-01,0.000000000000000000e+00,0.000000000000000000e+00,-3.962620082624246365e+00,-2.445002967239358949e+00,0.000000000000000000e+00,-5.207285583190619946e+03,-3.671162333825278351e-04
-8.090463595791115570e-02,0.000000000000000000e+00,0.000000000000000000e+00,-4.708556938332780994e+00,-1.859880191090283796e+00,0.000000000000000000e+00,-3.311464314080774784e+03,-2.404505043090599968e-04
-5.525128819298338878e-02,0.000000000000000000e+00,0.000000000000000000e+00,-5.217148524695842227e+00,-1.431285983157815522e+00,0.000000000000000000e+00,-2.156671334153506905e+03,-1.602932343633146353e-04
4.242445670096814392e-02,0.000000000000000000e+00,0.000000000000000000e+00,6.123937465759548004e+00,1.234164706967156411e+00,0.000000000000000000e+00,1.591805601879954338e+03,1.204773703004944019e-04
-4.421806288518241312e-01,0.000000000000000000e+00,0.000000000000000000e+00,-9.408968596053085770e-04,-4.980038018987111847e+00,0.000000000000000000e+00,-2.479953587531624362e+04,-1.316333116598495875e-03
-3.467438286336678721e-01,0.000000000000000000e+00,0.000000000000000000e+00,-4.712730096770411103e-01,-4.637172532728137675e+00,0.000000000000000000e+00,-1.836571721980534494e+04,-1.088833366790018051e-03
2.670261735051557284e-01,0.000000000000000000e+00,0.000000000000000000e+00,1.682324465420009130e+00,4.148888273847608055e+00,0.000000000000000000e+00,1.317265778289712034e+04,8.440661701966844154e-04
-1.834155594778144049e-01,0.000000000000000000e+00,0.000000000000000000e+00,-2.980563984847164782e+00,-3.269570173379205524e+00,0.000000000000000000e+00,-8.441834100669249892e+03,-5.716162358610154485e-04
-3.208570658687120991e-02,0.000000000000000000e+00,0.000000000000000000e+00,-6.749531213654284656e+00,-1.041539931653718387e+00,0.000000000000000000e+00,-1.161018659373745322e+03,-8.923313008663181925e-05
2.319255790952277907e-02,0.000000000000000000e+00,0.000000000000000000e+00,6.860401741959159416e+00,8.365186073776161857e-01,0.000000000000000000e+00,8.132049679327756166e+02,6.306458762490188097e-05
1.268762637868278698e-01,0.000000000000000000e+00,0.000000000000000000e+00,6.561415596399992722e+00,5.365464348432491537e-01,0.000000000000000000e+00,1.969491719201207161e+03,1.203372877772080252e-04
2.044787674705781100e-01,0.000000000000000000e+00,0.000000000000000000e+00,6.822032023810725931e+00,6.749324614755177754e-01,0.000000000000000000e+00,3.116317344725131989e+03,1.722917529636315841e-04
6.618241266412088208e-01,0.000000000000000000e+00,0.000000000000000000e+00,2.557843764652763863e+00,2.810802456377550218e+00,0.000000000000000000e+00,2.769995903686434031e+04,6.519649261281716505e-04
5.234097423543366823e-01,0.000000000000000000e+00,0.000000000000000000e+00,1.370691369088537837e+00,3.388819566370951275e+00,0.000000000000000000e+00,2.723955821554362774e+04,9.410954648223600469e-04
-8.331037129953043907e-01,0.000000000000000000e+00,0.000000000000000000e+00,-4.094727439814002778e+00,-1.619790651291355577e+00,0.000000000000000000e+00,-1.902133176605589688e+04,-2.289567910685306898e-04
8.095184818395477766e-01,0.000000000000000000e+00,0.000000000000000000e+00,3.564881060770999532e+00,2.203168509820500276e+00,0.000000000000000000e+00,2.492599165771156549e+04,3.658017523438865338e-04
6.684937776272675825e-01,0.000000000000000000e+00,0.000000000000000000e+00,5.798510333663865701e+00,1.170754433244343140e+00,0.000000000000000000e+00,1.081859491338580847e+04,2.940674721868708906e-04
8.280768481710673035e-01,0.000000000000000000e+00,0.000000000000000000e+00,5.073687771466665275e+00,1.394003829019475615e+00,0.000000000000000000e+00,1.519235326302051544e+04,2.605483388443448215e-04
2.729720137051042106e-01,0.000000000000000000e+00,0.000000000000000000e+00,5.761748211245080853e+00,7.037951915551782234e-01,0.000000000000000000e+00,4.124605736628174782e+03,1.967388550918554356e-04
-4.664457992377087359e-01,0.000000000000000000e+00,0.000000000000000000e+00,-6.214404190877025336e+00,-9.607974382310213723e-01,0.000000000000000000e+00,-7.142615836249664426e+03,-2.725583795436535605e-04
-4.026559730915431623e-01,0.000000000000000000e+00,0.000000000000000000e+00,-5.783966297492039660e-04,-4.500167549506206122e+00,0.000000000000000000e+00,-2.262062604649364948e+04,-1.194188666661360337e-03
-4.746177600080197512e-01,0.000000000000000000e+00,0.000000000000000000e+00,-4.278098949428786324e-01,-4.235411320437099114e+00,0.000000000000000000e+00,-2.694474337640777230e+04,-1.204385448243878087e-03
2.213643663715909177e-02,0.000000000000000000e+00,0.000000000000000000e+00,6.819670274105341434e+00,6.727238012840658365e-01,0.000000000000000000e+00,8.259072946757078171e+02,6.300596207642167291e-05
1.694775595723481756e-02,0.000000000000000000e+00,0.000000000000000000e+00,6.856576438682120411e+00,5.591617507693302791e-01,0.000000000000000000e+00,6.152190422117710114e+02,4.740942797536911238e-05
-3.311106614773409035e-02,0.000000000000000000e+00,0.000000000000000000e+00,-5.512072378165184361e+00,-8.494649035369157275e-01,0.000000000000000000e+00,-1.321467791555449367e+03,-9.778279018523326554e-05
-2.628806947860861179e-02,0.000000000000000000e+00,0.000000000000000000e+00,-6.030560673778235348e+00,-7.344616113343264141e-01,0.000000000000000000e+00,-1.011729543268680573e+03,-7.602129213290820557e-05
7.166765716784456730e-02,0.000000000000000000e+00,0.000000000000000000e+00,5.605135737851788313e+00,1.535384112260550049e+00,0.000000000000000000e+00,3.111894371002912521e+03,2.213063542979766161e-04
-4.834115381353205898e-02,0.000000000000000000e+00,0.000000000000000000e+00,-5.636115135211059446e+00,-1.134470291229738192e+00,0.000000000000000000e+00,-2.006686064101755619e+03,-1.459541601020947275e-04
1.385204078783385806e-01,0.000000000000000000e+00,0.000000000000000000e+00,4.004089525947051698e+00,2.466977389770654838e+00,0.000000000000000000e+00,6.735871395163238049e+03,4.500754394517242265e-04
1.033339013550867158e-01,0.000000000000000000e+00,0.000000000000000000e+00,5.121944578801584491e+00,2.019982915356117292e+00,0.000000000000000000e+00,4.730267763424664736e+03,3.272474423698872145e-04
