0.000000000000000000e+00,9.186147652713572143e-02,8.314631424517433533e-01,0.000000000000000000e+00,0.000000000000000000e+00,9.072081568693651787e-01,3.897639056149870157e+03,1.248446823261469257e-03
0.000000000000000000e+00,1.123340627654036833e-01,4.829531715403851955e-01,0.000000000000000000e+00,0.000000000000000000e+00,1.183651041105021395e+00,5.582651094481348991e+03,1.760025160202395534e-03
0.000000000000000000e+00,1.142718592486222928e-01,-1.533145069104298708e+00,0.000000000000000000e+00,0.000000000000000000e+00,-1.866434195877148816e-01,-3.395669612333178520e+03,-5.548217322658177990e-04
0.000000000000000000e+00,1.059879504868178890e-01,-1.526449741256079351e+00,0.000000000000000000e+00,0.000000000000000000e+00,-2.352816709767958092e-01,-3.676451101927086711e+03,-7.078060471633163897e-04
0.000000000000000000e+00,-9.542320233343309921e-02,1.502232226381976954e+00,0.000000000000000000e+00,0.000000000000000000e+00,3.024926758014349626e-01,4.084889975208789110e+03,8.848695188263456428e-04
0.000000000000000000e+00,-8.214936530234633050e-02,1.443245131455910268e+00,0.000000000000000000e+00,0.000000000000000000e+00,3.956440079336770999e-01,4.646501780085265636e+03,1.099254715865497769e-03
0.000000000000000000e+00,1.052871050831897665e-01,1.265038869595781212e-01,0.000000000000000000e+00,0.000000000000000000e+00,1.233551959689431765e+00,6.416680590569972992e+03,1.985817156105921990e-03
0.000000000000000000e+00,1.006054402489877514e-01,5.787602688891146365e-04,0.000000000000000000e+00,0.000000000000000000e+00,1.391536367664550911e+00,7.973688771218061447e+03,2.419941743248092952e-03
0.000000000000000000e+00,1.444863286893664778e-01,-1.855853202359553311e+00,0.000000000000000000e+00,0.000000000000000000e+00,-1.510689459654789846e-01,-3.773446834251284599e+03,-3.273511623839512057e-04
0.000000000000000000e+00,1.298099509292327536e-01,-1.664755841564974359e+00,0.000000000000000000e+00,0.000000000000000000e+00,-1.640868626956816234e-01,-3.492472751364111900e+03,-4.485903647959633067e-04
0.000000000000000000e+00,1.264109097489187448e-02,1.892739575210223624e+00,0.000000000000000000e+00,0.000000000000000000e+00,1.544849001148523027e-01,2.241247205361723900e+02,7.937590388577713040e-05
0.000000000000000000e+00,-1.672681765422684083e-02,-1.965110424093189812e+00,0.000000000000000000e+00,0.000000000000000000e+00,-1.938911156251121037e-01,-3.087046158723533154e+02,-1.087163862557802025e-04
0.000000000000000000e+00,1.440905127292325394e-01,1.233767402968418275e-01,0.000000000000000000e+00,0.000000000000000000e+00,1.224029338540236989e+00,7.691087138008791953e+03,2.286557577203396016e-03
0.000000000000000000e+00,-1.564001079965242624e-01,-4.149171597793327210e-04,0.000000000000000000e+00,0.000000000000000000e+00,-1.263890332572023212e+00,-6.328233243793249130e+03,-1.973079951018214678e-03
0.000000000000000000e+00,-3.474722305844037129e-02,-1.724720504194965809e+00,0.000000000000000000e+00,0.000000000000000000e+00,-3.472468636363990613e-01,-7.480683333594352007e+02,-2.586031985245778437e-04
0.000000000000000000e+00,-4.323113522542416931e-02,-1.511113616875140453e+00,0.000000000000000000e+00,0.000000000000000000e+00,-4.139880403469664572e-01,-9.967532028839923441e+02,-3.416487559695927578e-04
0.000000000000000000e+00,1.913273089603903174e-02,1.729059096981930610e+00,0.000000000000000000e+00,0.000000000000000000e+00,2.106097234109315097e-01,3.691179684400558472e+02,1.293780434879475709e-04
0.000000000000000000e+00,2.432907942752150082e-02,1.653181363214720090e+00,0.000000000000000000e+00,0.000000000000000000e+00,2.548037825610610096e-01,4.939428400639444590e+02,1.719812909973031368e-04
0.000000000000000000e+00,8.421974457730029007e-02,6.830028031832735547e-01,0.000000000000000000e+00,0.000000000000000000e+00,7.512916656055353970e-01,7.834278717808425426e+03,1.962163323921223019e-03
0.000000000000000000e+00,1.109413999642294563e-01,4.155192513737127058e-01,0.000000000000000000e+00,0.000000000000000000e+00,1.028830232646771980e+00,8.279952719625085592e+03,2.296534451688265598e-03
0.000000000000000000e+00,-4.116143448253938020e-02,-1.653787167207900755e+00,0.000000000000000000e+00,0.000000000000000000e+00,-4.532228754844982443e-01,-7.702156022116541862e+02,-2.703401661323906035e-04
0.000000000000000000e+00,2.897908231255489145e-02,1.718416369694335533e+00,0.000000000000000000e+00,0.000000000000000000e+00,3.460613548983607068e-01,5.118790488317608833e+02,1.809941558918282502e-04
0.000000000000000000e+00,-2.045835523761820041e-02,-1.718449128426728700e+00,0.000000000000000000e+00,0.000000000000000000e+00,-2.650310258045062151e-01,-3.441704629734158516e+02,-1.224348952026945662e-04
0.000000000000000000e+00,1.569873186628900977e-02,1.810250908279121829e+00,0.000000000000000000e+00,0.000000000000000000e+00,2.205821277396552427e-01,2.533549140002578497e+02,9.056789208738290256e-05
0.000000000000000000e+00,-1.451559614158929867e-01,-4.924684182023290613e-01,0.000000000000000000e+00,0.000000000000000000e+00,-1.211255994304251571e+00,-3.986784612186253071e+03,-1.323874703933495753e-03
0.000000000000000000e+00,1.123152823045556192e-01,9.043566924501790227e-01,0.000000000000000000e+00,0.000000000000000000e+00,9.900887102682843777e-01,2.710893352633342147e+03,9.181249116461740042e-04
0.000000000000000000e+00,-3.841110380214447784e-02,1.042173715701004477e+00,0.000000000000000000e+00,0.000000000000000000e+00,6.432656442387127971e-01,5.826844124902039766e+03,1.555433847840027297e-03
0.000000000000000000e+00,6.024731310669700218e-02,-1.232604263226378283e+00,0.000000000000000000e+00,0.000000000000000000e+00,-4.867673378427505582e-01,-5.004533586189150810e+03,-1.266712404437402538e-03
0.000000000000000000e+00,-7.635604290758640778e-02,-1.168891220500251515e+00,0.000000000000000000e+00,0.000000000000000000e+00,-7.203566587436478486e-01,-1.663138578414916992e+03,-5.717661218757359850e-04
0.000000000000000000e+00,2.995353722176066075e-02,1.828241798594838263e+00,0.000000000000000000e+00,0.000000000000000000e+00,2.824679737568551174e-01,1.001490734090795740e+03,3.299670449651385669e-04
0.000000000000000000e+00,2.554775032333050575e-02,1.960704267193275507e+00,0.000000000000000000e+00,0.000000000000000000e+00,2.392274237599117392e-01,8.036362460181117058e+02,2.665460896983513320e-04
0.000000000000000000e+00,-1.963312560123708223e-02,-1.856007485172563198e+00,0.000000000000000000e+00,0.000000000000000000e+00,-1.835060707655273016e-01,-5.842139961831271648e+02,-1.949373498997205602e-04
0.000000000000000000e+00,1.738796507513621845e-02,1.992237478410295637e+00,0.000000000000000000e+00,0.000000000000000000e+00,1.628464218411831976e-01,4.919258076772093773e+02,1.651376092947134120e-04
0.000000000000000000e+00,-8.695688067217595407e-02,-2.873558920183669836e-04,0.000000000000000000e+00,0.000000000000000000e+00,-1.231391547974169276e+00,-7.135805917531251907e+03,-2.159630136970626304e-03
0.000000000000000000e+00,-6.010916281435556285e-02,-1.164989528763903937e-01,0.000000000000000000e+00,0.000000000000000000e+00,-1.158413439509602849e+00,-7.423667239144444466e+03,-2.197491995271795302e-03
0.000000000000000000e+00,-2.440610020764486660e-02,-3.944268353552661810e-01,0.000000000000000000e+00,0.000000000000000000e+00,-9.759493265946077578e-01,-6.982651506267488003e+03,-2.010922710263453143e-03
0.000000000000000000e+00,-9.482580730535684899e-03,7.669329462804629349e-01,0.000000000000000000e+00,0.000000000000000000e+00,8.422050989973098867e-01,6.760627577150240541e+03,1.882414229842775894e-03
0.000000000000000000e+00,-8.882329785937630520e-03,-1.791400295936207643e+00,0.000000000000000000e+00,0.000000000000000000e+00,-1.462007361094667113e-01,-1.338970262203365564e+02,-4.824968750165601955e-05
0.000000000000000000e+00,7.683777717320228184e-02,1.122645974487672227e+00,0.000000000000000000e+00,0.000000000000000000e+00,6.915781796444385732e-01,2.119533492118120193e+03,7.099810951631931261e-04
0.000000000000000000e+00,5.560679933232638011e-02,1.302435054854991892e+00,0.000000000000000000e+00,0.000000000000000000e+00,5.136627049668406331e-01,1.390775775179266930e+03,4.717344924255720729e-04
0.000000000000000000e+00,4.275254760886623151e-01,1.437894063599731487e+00,0.000000000000000000e+00,0.000000000000000000e+00,1.417932469811951923e-01,4.780101871564984322e+03,-5.811467333148311222e-05
0.000000000000000000e+00,-6.584663964524363200e-01,-1.736725086158865672e+00,0.000000000000000000e+00,0.000000000000000000e+00,-1.419730368349855776e-01,-4.671324858017265797e+03,2.104741393161259889e-05
0.000000000000000000e+00,-5.498709924850857245e-02,-1.485426199329024533e+00,0.000000000000000000e+00,0.000000000000000000e+00,-2.291209400807224517e-01,-6.172981403455138206e+03,-3.962559651396674928e-04
0.000000000000000000e+00,-2.184171882987956392e-01,-1.364027695913568206e+00,0.000000000000000000e+00,0.000000000000000000e+00,-1.660980447505291946e-01,-5.201311006054282188e+03,-7.783950764110387415e-05
0.000000000000000000e+00,1.303578924304477638e-01,4.782641885703398099e-01,0.000000000000000000e+00,0.000000000000000000e+00,1.175588023087549727e+00,4.726356449760496616e+03,1.529073720803043705e-03
0.000000000000000000e+00,1.103698217042903412e-01,8.978168619604252054e-01,0.000000000000000000e+00,0.000000000000000000e+00,9.825959611880024092e-01,3.434738513428717852e+03,1.132780759885716098e-03
0.000000000000000000e+00,1.355666738647119118e-01,3.723709834719091767e-04,0.000000000000000000e+00,0.000000000000000000e+00,1.447224543501731908e+00,7.878743554223328829e+03,2.417151042134775465e-03
0.000000000000000000e+00,-1.457185054506131283e-01,-1.415211666964441561e-01,0.000000000000000000e+00,0.000000000000000000e+00,-1.383945558189854319e+00,-6.460134032959118485e+03,-2.040058176365670741e-03
0.000000000000000000e+00,3.587894319126951059e-02,1.697710480449335035e+00,0.000000000000000000e+00,0.000000000000000000e+00,3.425534109000897276e-01,1.284577308639883995e+03,4.201333349104983657e-04
0.000000000000000000e+00,-3.806689729932121596e-02,-1.349227971534880499e+00,0.000000000000000000e+00,0.000000000000000000e+00,-3.703803783074418043e-01,-1.471968575672479346e+03,-4.773721454920895092e-04
0.000000000000000000e+00,8.454584001446328878e-02,8.512522538471453126e-01,0.000000000000000000e+00,0.000000000000000000e+00,9.326139726924379536e-01,4.455121112361550331e+03,1.401120305909606730e-03
0.000000000000000000e+00,-9.878299797323981946e-02,-4.791383684786527097e-01,0.000000000000000000e+00,0.000000000000000000e+00,-1.178348222744597606e+00,-6.011713112320750952e+03,-1.866479727816202369e-03
0.000000000000000000e+00,5.397386696048130789e-02,1.367787054048113404e+00,0.000000000000000000e+00,0.000000000000000000e+00,5.403480684633865661e-01,2.279344098933041096e+03,7.324840500787916341e-04
0.000000000000000000e+00,-6.656203451375460045e-02,-1.124821093668576300e+00,0.000000000000000000e+00,0.000000000000000000e+00,-6.939083690591997255e-01,-3.112043664239346981e+03,-9.898505551592347903e-04
0.000000000000000000e+00,-6.886004936443974878e-02,1.866806502518139066e+00,0.000000000000000000e+00,0.000000000000000000e+00,1.529632774975409337e-01,2.250901610199362040e+03,4.573194071017870448e-04
0.000000000000000000e+00,6.018647722658670984e-02,-1.737882099090814148e+00,0.000000000000000000e+00,0.000000000000000000e+00,-1.723187983945799195e-01,-2.297622257283888757e+03,-5.029221721454962563e-04
0.000000000000000000e+00,1.000013530257377325e-01,1.364491723357919295e-01,0.000000000000000000e+00,0.000000000000000000e+00,1.334098016210956139e+00,7.285069962441921234e+03,2.231326914033862109e-03
0.000000000000000000e+00,7.904113508391860665e-02,1.006076299834669742e-03,0.000000000000000000e+00,0.000000000000000000e+00,1.224040936601627383e+00,7.130989407777786255e+03,2.156136160638861925e-03
0.000000000000000000e+00,3.287596177690579879e-02,4.180114446626018165e-01,0.000000000000000000e+00,0.000000000000000000e+00,1.041430789481865071e+00,7.052822952085174620e+03,2.064389385527977405e-03
0.000000000000000000e+00,-8.100033597877649705e-03,-7.393322061012310709e-01,0.000000000000000000e+00,0.000000000000000000e+00,-8.169790283987587998e-01,-5.963198377829976380e+03,-1.712039463489674861e-03
0.000000000000000000e+00,-7.964846562746019654e-02,-6.448031095726071719e-04,0.000000000000000000e+00,0.000000000000000000e+00,-1.272188261691349576e+00,-7.497257886841893196e+03,-2.260764441746028822e-03
0.000000000000000000e+00,-6.373563088604965177e-02,-1.290389276467272528e-01,0.000000000000000000e+00,0.000000000000000000e+00,-1.293465638558588982e+00,-8.143106391236186028e+03,-2.422815388277756773e-03
0.000000000000000000e+00,-3.867201493058085998e-02,1.587928356429743726e+00,0.000000000000000000e+00,0.000000000000000000e+00,4.378166820543882287e-01,4.062604266837239265e+03,1.076562100729955502e-03
0.000000000000000000e+00,-4.141856251805972611e-02,1.500941436521840533e+00,0.000000000000000000e+00,0.000000000000000000e+00,3.040047868359833649e-01,3.073107196152210236e+03,7.853946352569005996e-04
0.000000000000000000e+00,-1.060606894719348658e-02,1.030420605682754953e+00,0.000000000000000000e+00,0.000000000000000000e+00,6.398142105443431760e-01,5.045068460300564766e+03,1.416156874581951143e-03
0.000000000000000000e+00,-2.359675529696007162e-02,1.215539185680463374e+00,0.000000000000000000e+00,0.000000000000000000e+00,4.826652952901313021e-01,4.123074936904013157e+03,1.126932247458633206e-03
0.000000000000000000e+00,-4.704489519025842337e-02,1.560615856010215685e+00,0.000000000000000000e+00,0.000000000000000000e+00,2.418036171828424619e-01,2.673577323451638222e+03,6.546149338150758067e-04
0.000000000000000000e+00,-5.250394046938750003e-02,1.619436697278939796e+00,0.000000000000000000e+00,0.000000000000000000e+00,1.983409863957328323e-01,2.403176920952275395e+03,5.591914296274730356e-04
0.000000000000000000e+00,1.725921404712096319e-01,1.422590787767286091e-01,0.000000000000000000e+00,0.000000000000000000e+00,1.393034213737347926e+00,5.595790990483015776e+03,1.809918029397967988e-03
0.000000000000000000e+00,1.780212101161094962e-01,4.783949299075001107e-04,0.000000000000000000e+00,0.000000000000000000e+00,1.437691505398715375e+00,7.129872194930911064e+03,2.227625347330505073e-03
0.000000000000000000e+00,-2.582892088395226105e-01,-1.652217584310253340e+00,0.000000000000000000e+00,0.000000000000000000e+00,-1.359943914257951414e-01,-1.302087829386815429e+03,-3.382830406674130542e-04
0.000000000000000000e+00,-4.015358599635160952e-01,-1.647391414104359963e+00,0.000000000000000000e+00,0.000000000000000000e+00,-1.640251594748036168e-01,-2.039768161341547966e+03,-4.628082501671750525e-04
0.000000000000000000e+00,-6.254492281291853528e-01,-1.734928050265394539e+00,0.000000000000000000e+00,0.000000000000000000e+00,-2.130968710692711099e-01,-3.385343137428164482e+03,-6.346403660057657430e-04
0.000000000000000000e+00,-7.402286454383777414e-01,-1.590147766730283241e+00,0.000000000000000000e+00,0.000000000000000000e+00,-2.467646173197196868e-01,-4.741775506410747766e+03,-7.102459949887875157e-04
0.000000000000000000e+00,6.723524748029647835e-01,1.421279913095656822e+00,0.000000000000000000e+00,0.000000000000000000e+00,2.872734679106853095e-01,6.028779958181083202e+03,7.861260670394013212e-04
0.000000000000000000e+00,4.213917360690040415e-01,1.187531857094640930e+00,0.000000000000000000e+00,0.000000000000000000e+00,3.262482267078697928e-01,6.539889741592109203e+03,9.252602859691292508e-04
0.000000000000000000e+00,2.172437004827471874e-01,1.047816877103612709e+00,0.000000000000000000e+00,0.000000000000000000e+00,4.145255766103461692e-01,7.062575332663953304e+03,1.240490365254865541e-03
0.000000000000000000e+00,1.154709666780904948e-01,9.496705466644990157e-01,0.000000000000000000e+00,0.000000000000000000e+00,5.873060471804303351e-01,7.931549846351146698e+03,1.710580935385226046e-03
0.000000000000000000e+00,7.631940992958062553e-02,-1.052458653504100949e+00,0.000000000000000000e+00,0.000000000000000000e+00,-4.164025070698744724e-01,-5.944972561985254288e+03,-1.232202731607074785e-03
0.000000000000000000e+00,-5.461242451744666854e-02,9.432144031468360224e-01,0.000000000000000000e+00,0.000000000000000000e+00,5.833314445905115608e-01,6.721196533374488354e+03,1.602917678170894152e-03
0.000000000000000000e+00,-1.345587189585914674e-02,6.668699418122088218e-01,0.000000000000000000e+00,0.000000000000000000e+00,7.336233491503193482e-01,6.895259966567158699e+03,1.809480055735602361e-03
0.000000000000000000e+00,3.538085041479866605e-02,4.000122270423434601e-01,0.000000000000000000e+00,0.000000000000000000e+00,9.909268493842133818e-01,7.687932642720639706e+03,2.159153880050108335e-03
0.000000000000000000e+00,-8.092178545250504340e-02,-1.140266420713279688e-01,0.000000000000000000e+00,0.000000000000000000e+00,-1.134044909214475538e+00,-7.350199355244636536e+03,-2.168779993961123063e-03
0.000000000000000000e+00,-1.091412324966025693e-01,-2.800129912479421826e-04,0.000000000000000000e+00,0.000000000000000000e+00,-1.177481954162388655e+00,-6.478267441257834435e+03,-1.982585532068445542e-03
0.000000000000000000e+00,1.548672580952809193e-02,2.082624260269192007e+00,0.000000000000000000e+00,0.000000000000000000e+00,1.690323993940099911e-01,3.043031580373644829e+02,1.064831044789116775e-04
0.000000000000000000e+00,1.630665827583943281e-02,1.743642828029968506e+00,0.000000000000000000e+00,0.000000000000000000e+00,1.712533988396691131e-01,3.345298642590641975e+02,1.164512641837648575e-04
0.000000000000000000e+00,5.173920001642498545e-02,1.333867060904206925e+00,0.000000000000000000e+00,0.000000000000000000e+00,5.262834158972554688e-01,1.036881075520068407e+03,3.606715375386379129e-04
0.000000000000000000e+00,4.791002971681313644e-02,-1.276322713862942937e+00,0.000000000000000000e+00,0.000000000000000000e+00,-2.572746267856406699e-01,-5.693119474697858095e+03,-6.748974071842922919e-04
0.000000000000000000e+00,8.314146633615103477e-02,-1.208552112733651818e+00,0.000000000000000000e+00,0.000000000000000000e+00,-3.318984079357027439e-01,-5.908412473879754543e+03,-9.889466485641200399e-04
0.000000000000000000e+00,7.555231149489055609e-02,1.122641602278553918e+00,0.000000000000000000e+00,0.000000000000000000e+00,6.881033148602191396e-01,2.379985219221562147e+03,7.861905713549821855e-04
0.000000000000000000e+00,-6.121975884093121267e-02,-1.425445232276162821e+00,0.000000000000000000e+00,0.000000000000000000e+00,-5.593715311961117154e-01,-1.739628094263374805e+03,-5.818652091462797084e-04
0.000000000000000000e+00,4.507613532040734977e-02,1.534218776734293410e+00,0.000000000000000000e+00,0.000000000000000000e+00,4.182480899309815592e-01,1.175058656208217144e+03,3.972856169486245004e-04
0.000000000000000000e+00,-3.357703384838771343e-02,-1.592067530433264100e+00,0.000000000000000000e+00,0.000000000000000000e+00,-3.189426691853026741e-01,-8.134875754565000534e+02,-2.774218837200773937e-04
0.000000000000000000e+00,1.176854301096945943e-01,3.898907244094252365e-04,0.000000000000000000e+00,0.000000000000000000e+00,1.431122449983935008e+00,8.016083740338683128e+03,2.444881615295514069e-03
0.000000000000000000e+00,-1.233191923082489899e-01,-1.323351947421962660e-01,0.000000000000000000e+00,0.000000000000000000e+00,-1.288582949520334919e+00,-6.359206854276359081e+03,-1.987941494346517294e-03
0.000000000000000000e+00,1.130522378748475693e-01,4.445124462847956925e-01,0.000000000000000000e+00,0.000000000000000000e+00,1.087213455680741125e+00,4.733926556877791882e+03,1.512767863229215254e-03
0.000000000000000000e+00,-9.596532490322053077e-02,-8.139483431381043799e-01,0.000000000000000000e+00,0.000000000000000000e+00,-8.861883647024567656e-01,-3.428976633727550507e+03,-1.115638509725155707e-03
0.000000000000000000e+00,3.008316488356741966e-02,1.918963633523684598e+00,0.000000000000000000e+00,0.000000000000000000e+00,2.943793350266349917e-01,6.843977599199861288e+02,2.352839202601602340e-04
0.000000000000000000e+00,2.198800769480081449e-02,1.835700469034585725e+00,0.000000000000000000e+00,0.000000000000000000e+00,2.225342872246256487e-01,4.733839463740587234e+02,1.638539540995877111e-04
0.000000000000000000e+00,-1.057616387997640794e-01,-1.641649859067606521e+00,0.000000000000000000e+00,0.000000000000000000e+00,-1.328445256617581671e-01,-4.839707884177565575e+03,2.012236874117486927e-04
0.000000000000000000e+00,2.939493160693969209e-02,-1.601111187328388308e+00,0.000000000000000000e+00,0.000000000000000000e+00,-1.570341065807847603e-01,-4.936210029661655426e+03,-6.996025217645407673e-05
0.000000000000000000e+00,-1.869549053692894439e-02,7.226408322938204787e-01,0.000000000000000000e+00,0.000000000000000000e+00,7.912105674404354971e-01,6.922788719235919416e+03,1.869031209710987889e-03
0.000000000000000000e+00,2.454924826303543986e-02,3.905923639197002584e-01,0.000000000000000000e+00,0.000000000000000000e+00,9.634549743923913612e-01,7.219617415659129620e+03,2.050373357207862547e-03
0.000000000000000000e+00,-7.826102754744894419e-02,1.057620066842400952e+00,0.000000000000000000e+00,0.000000000000000000e+00,4.164933790158979465e-01,5.109875451326370239e+03,1.176824299478393832e-03
0.000000000000000000e+00,-5.969114433347134929e-02,1.041248245970759267e+00,0.000000000000000000e+00,0.000000000000000000e+00,6.409447890958358540e-01,6.608311482280492783e+03,1.668150336838364681e-03
0.000000000000000000e+00,1.242977024278993647e-01,-1.383157262769820539e+00,0.000000000000000000e+00,0.000000000000000000e+00,-2.777115867555661199e-01,-4.952527766097337008e+03,-8.283326091220629935e-04
0.000000000000000000e+00,1.080989150012948707e-01,-1.277829839610403084e+00,0.000000000000000000e+00,0.000000000000000000e+00,-3.494394967187943735e-01,-5.147743974067270756e+03,-1.041553054046863089e-03
0.000000000000000000e+00,1.027816086584342758e-01,-1.556322737597571670e+00,0.000000000000000000e+00,0.000000000000000000e+00,-1.886737241986762292e-01,-4.961136550337076187e+03,-3.565569710371909828e-04
0.000000000000000000e+00,1.303425784922925268e-01,-1.511339274514728492e+00,0.000000000000000000e+00,0.000000000000000000e+00,-2.322064157006589746e-01,-5.033350597813725471e+03,-6.230821490350837077e-04
0.000000000000000000e+00,1.149806893375368913e-02,1.772948663320718543e+00,0.000000000000000000e+00,0.000000000000000000e+00,1.750287319855331480e-01,1.789534768909215927e+02,6.426187151808988700e-05
0.000000000000000000e+00,-1.024281668685220886e-01,-2.494484758356941309e-04,0.000000000000000000e+00,0.000000000000000000e+00,-1.266025149763474689e+00,-7.169462656795978546e+03,-2.180498155667684370e-03
0.000000000000000000e+00,-7.115361791586996554e-02,-1.213770433552922717e-01,0.000000000000000000e+00,0.000000000000000000e+00,-1.201644964020954554e+00,-7.777805167533457279e+03,-2.295980541921920082e-03
0.000000000000000000e+00,-1.825851671225859479e-02,-1.795071434186328307e+00,0.000000000000000000e+00,0.000000000000000000e+00,-1.766234298438971728e-01,-4.346484437398612499e+02,-1.487314436757162660e-04
0.000000000000000000e+00,1.560908440073107382e-02,1.898576287411074981e+00,0.000000000000000000e+00,0.000000000000000000e+00,1.544511893363371136e-01,3.546433619391173124e+02,1.220175948026005591e-04
0.000000000000000000e+00,-2.648304063167305350e-02,-1.611877632527275228e+00,0.000000000000000000e+00,0.000000000000000000e+00,-2.478711660254423466e-01,-7.046856072349473834e+02,-2.380235413135488298e-04
0.000000000000000000e+00,2.271461078476526632e-02,1.775170799395028975e+00,0.000000000000000000e+00,0.000000000000000000e+00,2.157279097625171838e-01,5.697302706316113472e+02,1.937892013120893781e-04
0.000000000000000000e+00,-4.297995971162330703e-02,-1.455257774076768928e+00,0.000000000000000000e+00,0.000000000000000000e+00,-3.976087002822901173e-01,-1.321004254911094904e+03,-4.385889140342806190e-04
0.000000000000000000e+00,3.554120352067441369e-02,1.641390560180010283e+00,0.000000000000000000e+00,0.000000000000000000e+00,3.296273603836481492e-01,1.011351487144827843e+03,3.388952151405692868e-04
0.000000000000000000e+00,-7.272220229136912295e-02,-1.125636157199316756e+00,0.000000000000000000e+00,0.000000000000000000e+00,-6.913468605956261115e-01,-2.716440396296791732e+03,-8.822015655202781678e-04
0.000000000000000000e+00,6.116255748097881167e-02,1.449115466941550023e+00,0.000000000000000000e+00,0.000000000000000000e+00,5.701112602943463337e-01,2.055895712848752737e+03,6.756068497943111279e-04
3.679155091490606266e-01,0.000000000000000000e+00,0.000000000000000000e+00,1.252018747564232592e+00,1.363356577736434261e+00,0.000000000000000000e+00,2.444163682520389557e+03,5.718200051915704914e-04
5.837974889473316331e-01,0.000000000000000000e+00,0.000000000000000000e+00,7.672216440199431942e-01,1.875420180714070240e+00,0.000000000000000000e+00,4.034348336208611727e+03,8.336765309145726050e-04
5.348752729675575468e-01,0.000000000000000000e+00,0.000000000000000000e+00,2.910918538678814116e+00,3.550846633393381357e-01,0.000000000000000000e+00,1.351103105619549751e+03,1.100942032482120635e-04
-7.973466362808493413e-01,0.000000000000000000e+00,0.000000000000000000e+00,-2.955660857233484595e+00,-4.562858579078763466e-01,0.000000000000000000e+00,-2.081608112819492817e+03,-5.084208490360289157e-05
9.575297360883781028e-01,0.000000000000000000e+00,0.000000000000000000e+00,2.495894510268765742e+00,5.031705842217810698e-01,0.000000000000000000e+00,2.677176630370318890e+03,-8.687534803360102737e-05
-1.082278972136891948e+00,0.000000000000000000e+00,0.000000000000000000e+00,-2.094823272133551573e+00,-5.746063165284219787e-01,0.000000000000000000e+00,-3.399324385585263371e+03,2.608810160974619303e-04
8.370959828131859792e-01,0.000000000000000000e+00,0.000000000000000000e+00,2.361140417734369223e-01,2.293794017060681423e+00,0.000000000000000000e+00,5.970016454711556435e+03,1.029618063596149120e-03
9.689106064815456998e-01,0.000000000000000000e+00,0.000000000000000000e+00,8.973814816688568648e-04,2.225721063152475310e+00,0.000000000000000000e+00,6.989800997778773308e+03,9.235475677566959722e-04
-2.317660841320929033e-01,0.000000000000000000e+00,0.000000000000000000e+00,-2.758850988641200708e+00,-2.251932072709329768e-01,0.000000000000000000e+00,-5.819394295811653137e+02,-1.012140417052761381e-04
-3.558553563700269096e-01,0.000000000000000000e+00,0.000000000000000000e+00,-2.871745088816843872e+00,-2.837109631915625263e-01,0.000000000000000000e+00,-8.900991991609334946e+02,-1.174610631921088459e-04
1.558355330337675947e-02,0.000000000000000000e+00,0.000000000000000000e+00,2.951401453783301321e+00,2.403089060059397930e-01,0.000000000000000000e+00,7.298321134410798550e+01,2.534258171625065526e-05
-2.043457320287799667e-02,0.000000000000000000e+00,0.000000000000000000e+00,-2.842763121714859675e+00,-2.801093011470242033e-01,0.000000000000000000e+00,-9.727860159426927567e+01,-3.354503564324512845e-05
-1.067414236710336972e+00,0.000000000000000000e+00,0.000000000000000000e+00,-2.013305730243530045e-01,-1.998860217146183560e+00,0.000000000000000000e+00,-5.326160312473773956e+03,-8.960854145635101719e-04
-8.557340584062425037e-01,0.000000000000000000e+00,0.000000000000000000e+00,-8.387008015972408992e-04,-2.201020923245681438e+00,0.000000000000000000e+00,-4.716738964915275574e+03,-9.789448817896933847e-04
5.479003685376839655e-02,0.000000000000000000e+00,0.000000000000000000e+00,2.519919702387774851e+00,5.065250063516654189e-01,0.000000000000000000e+00,2.784449998065829277e+02,9.163290160794092764e-05
-8.973621599806153037e-02,0.000000000000000000e+00,0.000000000000000000e+00,-2.616442773505673003e+00,-7.157223832033310362e-01,0.000000000000000000e+00,-4.689038559123873711e+02,-1.505962948804297186e-04
-2.897566297138191860e-02,0.000000000000000000e+00,0.000000000000000000e+00,-2.885706594204402009e+00,-3.509543634338284646e-01,0.000000000000000000e+00,-1.406558400765061378e+02,-4.786161699461509558e-05
4.242538842460597676e-02,0.000000000000000000e+00,0.000000000000000000e+00,2.929356564009813813e+00,4.508276881429222893e-01,0.000000000000000000e+00,2.104903502017259598e+02,7.054016813442056961e-05
-1.181193855678054794e+00,0.000000000000000000e+00,0.000000000000000000e+00,-1.194569355665471067e+00,-1.316858020380158090e+00,0.000000000000000000e+00,-4.139790868952870369e+03,-5.465066723691390863e-04
1.222249516527575741e+00,0.000000000000000000e+00,0.000000000000000000e+00,6.750082892023869796e-01,1.674024655322760236e+00,0.000000000000000000e+00,5.149845358356833458e+03,7.068062631302794285e-04
-6.647640922103550953e-02,0.000000000000000000e+00,0.000000000000000000e+00,-2.352922090037348202e+00,-6.453604399051607876e-01,0.000000000000000000e+00,-3.320463685560971498e+02,-1.101769440135084467e-04
-4.724845543243462453e-02,0.000000000000000000e+00,0.000000000000000000e+00,-2.670866017543235937e+00,-5.383655697845530774e-01,0.000000000000000000e+00,-2.299104431129235309e+02,-7.790151078439032763e-05
-3.254907993597696420e-02,0.000000000000000000e+00,0.000000000000000000e+00,-2.796165826752061268e+00,-4.315908589821215724e-01,0.000000000000000000e+00,-1.550819067433476448e+02,-5.327041911786945530e-05
-2.178555129694867074e-02,0.000000000000000000e+00,0.000000000000000000e+00,-2.727250901605519751e+00,-3.326525144214085294e-01,0.000000000000000000e+00,-1.017893777750432491e+02,-3.541264524491198406e-05
-4.267299815473658553e-01,0.000000000000000000e+00,0.000000000000000000e+00,-7.695095607133269899e-01,-1.893821055679629994e+00,0.000000000000000000e+00,-2.406088156245648861e+03,-6.589056588491204371e-04
-2.827487841596277307e-01,0.000000000000000000e+00,0.000000000000000000e+00,-1.430670185856697474e+00,-1.567678154712490501e+00,0.000000000000000000e+00,-1.550377706978470087e+03,-4.580381875169473038e-04
1.239336891528765250e+00,0.000000000000000000e+00,0.000000000000000000e+00,1.534612370937164627e+00,9.470892951371209234e-01,0.000000000000000000e+00,5.625341044411063194e+03,-4.351543098111285623e-04
1.278494806241958992e+00,0.000000000000000000e+00,0.000000000000000000e+00,1.953155036422913327e+00,7.712925819188999332e-01,0.000000000000000000e+00,4.745962551064789295e+03,-4.458846271090048771e-04
-1.625095099484182570e-01,0.000000000000000000e+00,0.000000000000000000e+00,-1.788156516778272476e+00,-1.102881279348581378e+00,0.000000000000000000e+00,-8.626068240553140640e+02,-2.684746977599312056e-04
8.331645300668570620e-02,0.000000000000000000e+00,0.000000000000000000e+00,2.877817423853247014e+00,4.427473927050531999e-01,0.000000000000000000e+00,5.015094602257013321e+02,1.426613520271918019e-04
5.948200533921359223e-02,0.000000000000000000e+00,0.000000000000000000e+00,2.829859450559804923e+00,3.441144802956175308e-01,0.000000000000000000e+00,3.481751421242952347e+02,1.022859032164432616e-04
4.392025091106251111e-02,0.000000000000000000e+00,0.000000000000000000e+00,2.802773635469325342e+00,2.760504543153416979e-01,0.000000000000000000e+00,2.508705287221819162e+02,7.565364263357610283e-05
3.682954352805784676e-02,0.000000000000000000e+00,0.000000000000000000e+00,3.076948659554163523e+00,2.504783357888805129e-01,0.000000000000000000e+00,2.053723777011036873e+02,6.341280870611424995e-05
-8.974732727040044544e-01,0.000000000000000000e+00,0.000000000000000000e+00,-7.278622892859182639e-04,-2.029372394648536915e+00,0.000000000000000000e+00,-6.471798802852630615e+03,-8.314051175999560448e-04
9.957988540129230071e-01,0.000000000000000000e+00,0.000000000000000000e+00,1.830198995033405218e-01,1.819004586528369050e+00,0.000000000000000000e+00,6.987729049155954272e+03,5.579612805186833077e-04
1.185600694123816190e+00,0.000000000000000000e+00,0.000000000000000000e+00,6.701439885515301231e-01,1.657706005767741075e+00,0.000000000000000000e+00,7.631258238732814789e+03,1.758697643809887818e-04
1.182275558422669404e+00,0.000000000000000000e+00,0.000000000000000000e+00,1.110865218696677204e+00,1.219540563412557344e+00,0.000000000000000000e+00,6.536062871053814888e+03,-2.196039783564927893e-04
-1.093251526994248879e-02,0.000000000000000000e+00,0.000000000000000000e+00,-2.653309765143815113e+00,-2.166804898596196849e-01,0.000000000000000000e+00,-4.959802430868148804e+01,-1.759235402639192913e-05
-2.191452558553817764e-01,0.000000000000000000e+00,0.000000000000000000e+00,-2.053061630698525430e+00,-1.262775969633301854e+00,0.000000000000000000e+00,-1.224388136617839336e+03,-3.634443122147421631e-04
1.299360887921391650e-01,0.000000000000000000e+00,0.000000000000000000e+00,2.249995831889783027e+00,8.860060311719123449e-01,0.000000000000000000e+00,7.011923193064867519e+02,2.177551215021480285e-04
-1.132030759048466423e-01,0.000000000000000000e+00,0.000000000000000000e+00,-2.998746202506290537e+00,-2.964481880766509092e-01,0.000000000000000000e+00,-3.126917142644524574e+02,-9.055512500109017015e-05
-6.987350435421721406e-02,0.000000000000000000e+00,0.000000000000000000e+00,-2.809093075375491466e+00,-2.294581365185728028e-01,0.000000000000000000e+00,-1.964775025285780430e+02,-5.988821571108635610e-05
-2.522454946124097486e-01,0.000000000000000000e+00,0.000000000000000000e+00,-2.618485461330810171e+00,-4.045249118689416279e-01,0.000000000000000000e+00,-6.760282930806279182e+02,-1.643886419479051106e-04
-1.572520723246557950e-01,0.000000000000000000e+00,0.000000000000000000e+00,-2.652252435314307988e+00,-3.239682074774577480e-01,0.000000000000000000e+00,-4.269215147122740746e+02,-1.151602498347203236e-04
-4.791426901570375319e-01,0.000000000000000000e+00,0.000000000000000000e+00,-7.684039956615084099e-01,-1.885425833642572435e+00,0.000000000000000000e+00,-2.868974891267716885e+03,-7.307175114102017069e-04
-3.039575434084718086e-01,0.000000000000000000e+00,0.000000000000000000e+00,-1.336696112580677109e+00,-1.460241664124587890e+00,0.000000000000000000e+00,-1.760840345196425915e+03,-4.910753283923718860e-04
9.923917094235157332e-01,0.000000000000000000e+00,0.000000000000000000e+00,9.015299940085555680e-04,2.416941004132052040e+00,0.000000000000000000e+00,5.951037543624639511e+03,1.091745604470675422e-03
7.095787279828442706e-01,0.000000000000000000e+00,0.000000000000000000e+00,2.285999611345353733e-01,2.229896368385692274e+00,0.000000000000000000e+00,4.326710629194974899e+03,9.642581420822055483e-04
-1.122673363405067987e-01,0.000000000000000000e+00,0.000000000000000000e+00,-2.721165767005930824e+00,-5.465843268209348293e-01,0.000000000000000000e+00,-6.968180925883352757e+02,-1.906913389545958576e-04
1.510537475381735495e-01,0.000000000000000000e+00,0.000000000000000000e+00,2.458896046124638524e+00,6.721099023903704950e-01,0.000000000000000000e+00,9.697805433943867683e+02,2.527795059555596889e-04
3.886371567191787002e-01,0.000000000000000000e+00,0.000000000000000000e+00,1.180203132958676848e+00,1.287345518975441694e+00,0.000000000000000000e+00,2.796004244610667229e+03,5.729491787282717718e-04
6.305442038224569057e-01,0.000000000000000000e+00,0.000000000000000000e+00,7.637892962706427369e-01,1.869497320661739126e+00,0.000000000000000000e+00,4.714373263642191887e+03,8.404145020684101151e-04
1.934889217677316087e-01,0.000000000000000000e+00,0.000000000000000000e+00,1.992126943571287834e+00,7.837799805852772028e-01,0.000000000000000000e+00,1.287897998601198196e+03,3.160346100161317683e-04
3.007786166540913908e-01,0.000000000000000000e+00,0.000000000000000000e+00,1.798121704663748988e+00,1.104759963973978465e+00,0.000000000000000000e+00,2.080279941529035568e+03,4.722341320033388479e-04
4.658114775216845582e-01,0.000000000000000000e+00,0.000000000000000000e+00,2.852569723410320446e+00,2.335713380366673531e-01,0.000000000000000000e+00,1.156775885514914989e+03,-6.036085705722589227e-06
5.505721211453480368e-01,0.000000000000000000e+00,0.000000000000000000e+00,2.512293301721345795e+00,2.488774677388970458e-01,0.000000000000000000e+00,1.421104015179909766e+03,-8.830974645067520782e-05
7.810247279624303873e-01,0.000000000000000000e+00,0.000000000000000000e+00,2.109800504892833106e-01,2.049700019091367675e+00,0.000000000000000000e+00,6.037392564535140991e+03,8.833814165292446126e-04
9.723822638665412521e-01,0.000000000000000000e+00,0.000000000000000000e+00,1.163563304307665275e-03,2.238875751985892393e+00,0.000000000000000000e+00,7.672206862732768059e+03,8.477307811153648705e-04
9.572620995975222868e-01,0.000000000000000000e+00,0.000000000000000000e+00,6.140458733970922678e-01,1.525389931156333700e+00,0.000000000000000000e+00,7.244976728692650795e+03,9.145116685046823150e-05
8.918523588984775818e-01,0.000000000000000000e+00,0.000000000000000000e+00,1.018971939948055905e+00,1.122571298401616957e+00,0.000000000000000000e+00,6.175138580128550529e+03,-2.679067754284943570e-04
-9.202374006544350449e-01,0.000000000000000000e+00,0.000000000000000000e+00,-7.621394399262343324e-04,-2.085502940135121275e+00,0.000000000000000000e+00,-7.268249594584107399e+03,-7.711411438783604333e-04
-1.022085071187964100e+00,0.000000000000000000e+00,0.000000000000000000e+00,-1.982712205010697393e-01,-1.983108827645433614e+00,0.000000000000000000e+00,-8.050138082373887300e+03,-5.130746401401776015e-04
-1.095502140444025274e+00,0.000000000000000000e+00,0.000000000000000000e+00,-2.290302875603097199e+00,-6.294285875005473097e-01,0.000000000000000000e+00,-4.585016730207949877e+03,8.156027906179519815e-04
-9.434828705336194554e-01,0.000000000000000000e+00,0.000000000000000000e+00,-2.241900415376676392e+00,-4.526964118210519139e-01,0.000000000000000000e+00,-3.320900645613670349e+03,6.059957868426289361e-04
9.418414992382804218e-01,0.000000000000000000e+00,0.000000000000000000e+00,1.466603152619064820e+00,9.076776402348616379e-01,0.000000000000000000e+00,5.672406940624117851e+03,-5.643121481330467095e-04
1.029948603452665923e+00,0.000000000000000000e+00,0.000000000000000000e+00,1.907498772345147087e+00,7.551177130001586191e-01,0.000000000000000000e+00,5.201033721117302775e+03,-7.678020085052246740e-04
-9.262494969459982297e-01,0.000000000000000000e+00,0.000000000000000000e+00,-2.605815257283236708e+00,-4.030135519992188997e-01,0.000000000000000000e+00,-2.831847535587847233e+03,4.533592062540863139e-04
-7.024542292127540222e-01,0.000000000000000000e+00,0.000000000000000000e+00,-2.461862939151185259e+00,-3.009761494281628647e-01,0.000000000000000000e+00,-1.938576883457601070e+03,2.263213669660027818e-04
-7.283625411327758759e-01,0.000000000000000000e+00,0.000000000000000000e+00,-2.568466394897569449e-01,-2.515644598310023738e+00,0.000000000000000000e+00,-4.148783669091761112e+03,-1.016414629420892132e-03
-8.880557950963782199e-01,0.000000000000000000e+00,0.000000000000000000e+00,-9.322554192761159939e-04,-2.314156064016590353e+00,0.000000000000000000e+00,-4.908171460181474686e+03,-1.027074318727663835e-03
-4.581750385312020890e-02,0.000000000000000000e+00,0.000000000000000000e+00,-2.988749107759652635e+00,-2.447018545370373832e-01,0.000000000000000000e+00,-1.346410948857665062e+02,-4.410522436598232800e-05
-6.134184695207718641e-02,0.000000000000000000e+00,0.000000000000000000e+00,-2.645816545749669846e+00,-2.620433055115858334e-01,0.000000000000000000e+00,-1.772436469346284866e+02,-5.643459357813309963e-05
-9.857621077411460320e-02,0.000000000000000000e+00,0.000000000000000000e+00,-2.708806478853101218e+00,-3.313128765226997507e-01,0.000000000000000000e+00,-2.799467630032449961e+02,-8.556775587315829730e-05
1.530537728212846005e-01,0.000000000000000000e+00,0.000000000000000000e+00,2.571281108596217280e+00,3.981959020590200016e-01,0.000000000000000000e+00,4.274974698126316071e+02,1.232889476444607487e-04
-2.750856559872028595e-01,0.000000000000000000e+00,0.000000000000000000e+00,-2.711404506958910776e+00,-5.486978899187269221e-01,0.000000000000000000e+00,-7.591790278777480125e+02,-2.011291944582307186e-04
-4.004738949860077168e-01,0.000000000000000000e+00,0.000000000000000000e+00,-2.234476818431331946e+00,-6.156616720283203392e-01,0.000000000000000000e+00,-1.105757281586527824e+03,-2.584647352264189419e-04
-6.671732563003007765e-01,0.000000000000000000e+00,0.000000000000000000e+00,-2.069148409786747411e+00,-8.211649306164596762e-01,0.000000000000000000e+00,-1.891990564897656441e+03,-3.694057229090111946e-04
-1.018970702006020135e+00,0.000000000000000000e+00,0.000000000000000000e+00,-1.778565299208026973e+00,-1.102899314688092991e+00,0.000000000000000000e+00,-3.111553430609405041e+03,-4.861867329620181703e-04
-9.729689494955245932e-01,0.000000000000000000e+00,0.000000000000000000e+00,-2.122444544720838877e+00,-8.403513201273933308e-01,0.000000000000000000e+00,-2.803753664344549179e+03,-3.286518799814459554e-04
-1.240640265888950822e+00,0.000000000000000000e+00,0.000000000000000000e+00,-1.688680064969695360e+00,-1.044662994666270883e+00,0.000000000000000000e+00,-4.015028509378433228e+03,-3.178556491683020928e-04
-1.454758817635736001e+00,0.000000000000000000e+00,0.000000000000000000e+00,-1.281115067141109787e+00,-1.408859155409462716e+00,0.000000000000000000e+00,-5.618673121836036444e+03,-3.851222307158601028e-04
1.262504668086357640e+00,0.000000000000000000e+00,0.000000000000000000e+00,6.528535859066328939e-01,1.615345048340054879e+00,0.000000000000000000e+00,5.949905806342372671e+03,5.451223595076024964e-04
-1.094579544403140314e+00,0.000000000000000000e+00,0.000000000000000000e+00,-1.964080077584625383e-01,-1.947606453160548590e+00,0.000000000000000000e+00,-6.040409216728992760e+03,-8.176203476951912370e-04
-8.877355743363268825e-01,0.000000000000000000e+00,0.000000000000000000e+00,-7.721088167841838818e-04,-2.131074395647396091e+00,0.000000000000000000e+00,-5.310891719400882721e+03,-9.617816982135130336e-04
-1.921653204203303475e-02,0.000000000000000000e+00,0.000000000000000000e+00,-2.728302819217855557e+00,-2.227865386743400067e-01,0.000000000000000000e+00,-9.416880001872777939e+01,-3.194275331298191301e-05
2.588812563431220487e-02,0.000000000000000000e+00,0.000000000000000000e+00,2.732126539185741443e+00,2.698254193051184968e-01,0.000000000000000000e+00,1.293947503194212914e+02,4.329217214907967782e-05
-1.087164114227045647e-01,0.000000000000000000e+00,0.000000000000000000e+00,-2.249176881744427536e+00,-8.883317055721225985e-01,0.000000000000000000e+00,-5.587834127098321915e+02,-1.806363086036129838e-04
-4.034301723541987572e-01,0.000000000000000000e+00,0.000000000000000000e+00,-2.503324199835856856e+00,-5.055510474147162370e-01,0.000000000000000000e+00,-1.077805890388786793e+03,-2.244744910576159898e-04
-7.107487783301752460e-01,0.000000000000000000e+00,0.000000000000000000e+00,-2.598099714851006325e+00,-7.143381768258882936e-01,0.000000000000000000e+00,-1.933925480619072914e+03,-3.185163466696973680e-04
-2.437221997084748903e-01,0.000000000000000000e+00,0.000000000000000000e+00,-1.919284170257665290e+00,-1.182816396277736271e+00,0.000000000000000000e+00,-1.454656126968562603e+03,-4.030004371270956803e-04
-1.564622585616564920e-01,0.000000000000000000e+00,0.000000000000000000e+00,-2.225690279410883488e+00,-8.784037556228037058e-01,0.000000000000000000e+00,-8.991770855970680714e+02,-2.633639770861161372e-04
1.026463085803153846e-01,0.000000000000000000e+00,0.000000000000000000e+00,2.411284780265655403e+00,6.610294655348030179e-01,0.000000000000000000e+00,5.698948245963547379e+02,1.739497778456646263e-04
6.774856199585618799e-02,0.000000000000000000e+00,0.000000000000000000e+00,2.465442417478078241e+00,4.967272864183459591e-01,0.000000000000000000e+00,3.646201729737222195e+02,1.148163228221601371e-04
8.869165765551936254e-01,0.000000000000000000e+00,0.000000000000000000e+00,5.865343691515888464e-04,2.067846181455130772e+00,0.000000000000000000e+00,5.863972114510834217e+03,9.098872968726605262e-04
7.762451283038392935e-01,0.000000000000000000e+00,0.000000000000000000e+00,2.296633114318855085e-01,2.245164518319584523e+00,0.000000000000000000e+00,5.136617867950350046e+03,1.008914903547421206e-03
5.430563768122702584e-01,0.000000000000000000e+00,0.000000000000000000e+00,7.734948669901168250e-01,1.901674042190163894e+00,0.000000000000000000e+00,3.500751820268109441e+03,8.063547925268165373e-04
3.901579482243296426e-01,0.000000000000000000e+00,0.000000000000000000e+00,1.479636696935286988e+00,1.619961876830551484e+00,0.000000000000000000e+00,2.422853235080052400e+03,6.220537194986321301e-04
-4.652561401511206424e-02,0.000000000000000000e+00,0.000000000000000000e+00,-2.501112666310973509e+00,-3.858940871152852781e-01,0.000000000000000000e+00,-2.436139698955230415e+02,-7.866035374374270850e-05
3.564549726182860562e-02,0.000000000000000000e+00,0.000000000000000000e+00,2.725901553460885918e+00,3.323889351691391436e-01,0.000000000000000000e+00,1.820863538309931755e+02,5.988161944507569632e-05
1.278629987572517668e-01,0.000000000000000000e+00,0.000000000000000000e+00,2.763796423323132689e+00,2.265288463213480097e-01,0.000000000000000000e+00,3.385964088179171085e+02,8.687335766762034042e-05
-1.830456890619443777e-01,0.000000000000000000e+00,0.000000000000000000e+00,-2.617684085002230265e+00,-2.596080523646191462e-01,0.000000000000000000e+00,-4.773706367388367653e+02,-1.099936083343317769e-04
1.360811814663057451e+00,0.000000000000000000e+00,0.000000000000000000e+00,1.161960942765127625e+00,1.281339708221510110e+00,0.000000000000000000e+00,6.216106930956244469e+03,2.500808508399376330e-05
1.247097477536539767e+00,0.000000000000000000e+00,0.000000000000000000e+00,6.505961481688709025e-01,1.615742433938662570e+00,0.000000000000000000e+00,6.881351033575832844e+03,3.342428015919738987e-04
1.249877939849897812e+00,0.000000000000000000e+00,0.000000000000000000e+00,2.039731406648891188e+00,8.096247148370481206e-01,0.000000000000000000e+00,3.918755135335144587e+03,1.575079222516671397e-05
-1.326025823771569412e+00,0.000000000000000000e+00,0.000000000000000000e+00,-1.564568305158568817e+00,-9.702118488698450172e-01,0.000000000000000000e+00,-4.931255082536488771e+03,6.787886538226734043e-05
-6.201001973727333638e-01,0.000000000000000000e+00,0.000000000000000000e+00,-2.296957038820807373e+00,-4.652820754140771786e-01,0.000000000000000000e+00,-1.638420111471787095e+03,-1.688507761801617130e-04
8.278056294030390339e-01,0.000000000000000000e+00,0.000000000000000000e+00,1.983364897092563917e+00,5.468146225301642183e-01,0.000000000000000000e+00,2.320070281976833940e+03,1.130717027517773185e-04
2.990810379546643971e-01,0.000000000000000000e+00,0.000000000000000000e+00,2.761062245519922076e+00,3.382076157352958967e-01,0.000000000000000000e+00,7.719715383071452379e+02,1.519525365027816924e-04
4.406644316190510002e-01,0.000000000000000000e+00,0.000000000000000000e+00,2.580580757633152089e+00,4.000893363661758295e-01,0.000000000000000000e+00,1.138496939837932587e+03,1.755247630393893588e-04
1.597760379196361963e-02,0.000000000000000000e+00,0.000000000000000000e+00,2.820821080251681767e+00,2.787577307482610456e-01,0.000000000000000000e+00,7.340452742576599121e+01,2.577918132320408976e-05
-8.860282433432006277e-01,0.000000000000000000e+00,0.000000000000000000e+00,-7.612061595169132989e-04,-2.034159072194200668e+00,0.000000000000000000e+00,-5.848624157190322876e+03,-8.899273033653807684e-04
-1.159723982250867369e+00,0.000000000000000000e+00,0.000000000000000000e+00,-2.060409518642341009e-01,-2.052935994662715924e+00,0.000000000000000000e+00,-7.259418730175122619e+03,-7.454385907882355670e-04
3.620755692220248290e-02,0.000000000000000000e+00,0.000000000000000000e+00,3.024262084851114363e+00,2.972243493099357980e-01,0.000000000000000000e+00,1.912374592218548059e+02,6.160196425078445206e-05
2.691374378021181568e-02,0.000000000000000000e+00,0.000000000000000000e+00,2.991650199122658282e+00,2.430725161894885245e-01,0.000000000000000000e+00,1.391658737063407898e+02,4.562222611423908574e-05
7.200526151525014906e-02,0.000000000000000000e+00,0.000000000000000000e+00,3.144557766264873599e+00,4.828247856756473499e-01,0.000000000000000000e+00,3.997674998939037323e+02,1.231762828152599951e-04
-4.526074499284091918e-02,0.000000000000000000e+00,0.000000000000000000e+00,-2.774413240874807673e+00,-3.364742277702493234e-01,0.000000000000000000e+00,-2.448699068324640393e+02,-7.722829842115958249e-05
1.175208914351485306e-01,0.000000000000000000e+00,0.000000000000000000e+00,2.318399831234849717e+00,6.324707958436002198e-01,0.000000000000000000e+00,6.946219446845352650e+02,1.994384942765858035e-04
-8.087480475404489055e-02,0.000000000000000000e+00,0.000000000000000000e+00,-2.429191819787501760e+00,-4.869272498017836459e-01,0.000000000000000000e+00,-4.625707531869411469e+02,-1.380451675824813363e-04
-2.691042768730547152e-01,0.000000000000000000e+00,0.000000000000000000e+00,-1.854842040024955008e+00,-1.137422850178358313e+00,0.000000000000000000e+00,-1.715718649264425039e+03,-4.385872156800760605e-04
-1.805164274949817294e-01,0.000000000000000000e+00,0.000000000000000000e+00,-2.199399115500485280e+00,-8.637284085596174110e-01,0.000000000000000000e+00,-1.106585541404783726e+03,-3.022013138687125304e-04
