0.000000000000000000e+00,0.000000000000000000e+00,3.196020170941948891e+03,5.154825681496815609e-02,8.314769710612928133e-01,3.180636580315824083e-06,0.000000000000000000e+00,9.071931569774702719e-01,2.388204396715986125e-02,2.239356072328984737e+03,1.026834509414183269e-03,0.000000000000000000e+00,7.382584553892601468e-04
0.000000000000000000e+00,0.000000000000000000e+00,4.510674859568476677e+03,6.358455551546987605e-02,4.830521745344936724e-01,3.596675800265610581e-06,0.000000000000000000e+00,1.183771329466642097e+00,2.641367772288572002e-02,3.285207232534885406e+03,1.481975256981490083e-03,0.000000000000000000e+00,1.045143713486937180e-03
0.000000000000000000e+00,0.000000000000000000e+00,-2.079967020705342293e+03,1.329097766413038506e-01,-1.533065141049994251e+00,1.656873933051849641e-05,0.000000000000000000e+00,-1.865189238657860848e-01,6.448804803091440219e-02,-3.291698249399662018e+03,-6.153440232749401171e-04,0.000000000000000000e+00,-5.716651144752912892e-04
0.000000000000000000e+00,0.000000000000000000e+00,2.336065738387405872e+03,-1.266254130613132800e-01,1.526341119958731785e+00,-1.548076652033836655e-05,0.000000000000000000e+00,2.351435096834399718e-01,-5.641965925801429443e-02,3.346068728823214769e+03,7.748236398784180516e-04,0.000000000000000000e+00,6.308441249124006065e-04
0.000000000000000000e+00,0.000000000000000000e+00,2.690962501134723425e+03,-1.156262143181872315e-01,1.502100033192033113e+00,-1.353429655242151784e-05,0.000000000000000000e+00,3.021982762761252217e-01,-4.987225966475517663e-02,3.492112053185701370e+03,9.493103415189730167e-04,0.000000000000000000e+00,7.082312697635998345e-04
0.000000000000000000e+00,0.000000000000000000e+00,3.163075507953763008e+03,-1.012630174709450992e-01,1.443354200975514479e+00,-1.116825632397638455e-05,0.000000000000000000e+00,3.953332433525480472e-01,-4.416999024885259056e-02,3.742762227401137352e+03,1.150667137297071898e-03,0.000000000000000000e+00,8.117766113948838864e-04
0.000000000000000000e+00,0.000000000000000000e+00,5.104303025096654892e+03,5.888786108516620710e-02,1.265318705999319560e-01,3.032752431939365388e-06,0.000000000000000000e+00,1.233717354487200657e+00,2.108261939256659417e-02,3.878382026165723801e+03,1.713633484437472555e-03,0.000000000000000000e+00,1.187055009250327945e-03
0.000000000000000000e+00,0.000000000000000000e+00,6.241741332203149796e+03,5.313511423623420299e-02,6.884749369962137001e-04,2.394865405505089040e-06,0.000000000000000000e+00,1.391508405180345909e+00,1.483500600919874200e-02,4.955063869222998619e+03,2.139031815684554628e-03,0.000000000000000000e+00,1.459465377368686497e-03
0.000000000000000000e+00,0.000000000000000000e+00,-2.225268069423735142e+03,1.387196869406582267e-01,-1.856054734420910624e+00,1.208247015315489647e-05,0.000000000000000000e+00,-1.509224181783780372e-01,1.030147626258705734e-01,-4.064553357504308224e+03,-3.675653115522096309e-04,0.000000000000000000e+00,-5.756906944131838684e-04
0.000000000000000000e+00,0.000000000000000000e+00,-2.075772944176569581e+03,1.421708826031906625e-01,-1.664655419062757602e+00,1.669256864378128533e-05,0.000000000000000000e+00,-1.638575612623976718e-01,8.060953141750260009e-02,-3.590085183506831527e+03,-5.002793947899932979e-04,0.000000000000000000e+00,-5.680233536659333102e-04
0.000000000000000000e+00,0.000000000000000000e+00,2.170849028378725052e+02,4.679240105410969325e-03,1.892709632602874503e+00,1.168828095612754106e-06,0.000000000000000000e+00,1.543304817389015149e-01,5.349396726237003012e-03,1.076751238307915628e+02,5.173816052149692442e-05,0.000000000000000000e+00,4.925452595709084089e-05
0.000000000000000000e+00,0.000000000000000000e+00,-2.952704601883888245e+02,-6.429965488410967211e-03,-1.965375607379807654e+00,-1.425516488038887535e-06,0.000000000000000000e+00,-1.939016267076066613e-01,-6.890208584597862403e-03,-1.496845900565385818e+02,-7.200937586159820091e-05,0.000000000000000000e+00,-6.695662674092066411e-05
0.000000000000000000e+00,0.000000000000000000e+00,-6.221399000873789191e+03,-8.846361865920471246e-02,-1.235833485089068845e-01,-7.501983469980684143e-06,0.000000000000000000e+00,-1.223866198594788735e+00,-2.837347555998206636e-02,-4.628659920625388622e+03,-2.009388951155534949e-03,0.000000000000000000e+00,-1.408937468602841723e-03
0.000000000000000000e+00,0.000000000000000000e+00,-5.237997959718108177e+03,-9.044357652888121435e-02,-4.843242760549387347e-04,-6.794431090015302951e-06,0.000000000000000000e+00,-1.263730025371990973e+00,-3.966862889132732883e-02,-3.640457636147737503e+03,-1.646131631559915372e-03,0.000000000000000000e+00,-1.186693187417390367e-03
0.000000000000000000e+00,0.000000000000000000e+00,-6.853445327691733837e+02,-1.520420641038068392e-02,-1.724814749772928035e+00,-2.302158626245519496e-06,0.000000000000000000e+00,-3.470635970590638664e-01,-1.300544001246801799e-02,-3.760388175621628761e+02,-1.811126337794991882e-04,0.000000000000000000e+00,-1.558718798694606552e-04
0.000000000000000000e+00,0.000000000000000000e+00,-8.984051084201782942e+02,-1.979746172697992995e-02,-1.511062212105797276e+00,-2.577918185837162603e-06,0.000000000000000000e+00,-4.137361678153158029e-01,-1.555253115178288105e-02,-5.089980936795473099e+02,-2.446665054422075022e-04,0.000000000000000000e+00,-2.045347031664694723e-04
0.000000000000000000e+00,0.000000000000000000e+00,-3.483386578448116779e+02,-7.664066636019093923e-03,-1.729185635694830525e+00,-1.510105569844586221e-06,0.000000000000000000e+00,-2.105537006725137217e-01,-7.657702364573321790e-03,-1.808564489120617509e+02,-8.711819636133730747e-05,0.000000000000000000e+00,-7.907581992138774029e-05
0.000000000000000000e+00,0.000000000000000000e+00,-4.594988901838660240e+02,-1.017804459004080682e-02,-1.653189021292745364e+00,-1.787408601454643237e-06,0.000000000000000000e+00,-2.547540944607742386e-01,-9.441359710988432921e-03,-2.449204185316339135e+02,-1.180379409655194596e-04,0.000000000000000000e+00,-1.044290041485843344e-04
0.000000000000000000e+00,0.000000000000000000e+00,-6.232392149099614471e+03,-7.022346424273903653e-02,-6.833863749318854763e-01,-1.289769044292642623e-05,0.000000000000000000e+00,-7.511589926409137918e-01,3.230064142256311270e-03,-5.128249469439499080e+03,-1.948506387922238408e-03,0.000000000000000000e+00,-1.367361617847145071e-03
0.000000000000000000e+00,0.000000000000000000e+00,-6.586815532598644495e+03,-7.479412159383738712e-02,-4.156574281355274181e-01,-9.019851637447884375e-06,0.000000000000000000e+00,-1.028509589605049790e+00,-1.083042440677576754e-02,-5.222975657319650054e+03,-2.137802195550598996e-03,0.000000000000000000e+00,-1.482559850106840871e-03
0.000000000000000000e+00,0.000000000000000000e+00,-7.335167092904448509e+02,-1.609483329037040417e-02,-1.654181659127085924e+00,-3.385085382079158739e-06,0.000000000000000000e+00,-4.531859039901063313e-01,-1.675800352770539722e-02,-3.749799836501479149e+02,-1.805176249747841844e-04,0.000000000000000000e+00,-1.661336442033599034e-04
0.000000000000000000e+00,0.000000000000000000e+00,4.964859391842037439e+02,1.069368852571271275e-02,1.718522180358544205e+00,2.681731518020387944e-06,0.000000000000000000e+00,3.459420147683617275e-01,1.226649930210883289e-02,2.458088312186300755e+02,1.180518094528256481e-04,0.000000000000000000e+00,1.123688897607304720e-04
0.000000000000000000e+00,0.000000000000000000e+00,-3.394785739630460739e+02,-7.152716002250908596e-03,-1.718726484588801506e+00,-2.066257618279255979e-06,0.000000000000000000e+00,-2.649367545891549436e-01,-8.963654639839144928e-03,-1.633879768624901772e+02,-7.815150725855454176e-05,0.000000000000000000e+00,-7.684429251038224712e-05
0.000000000000000000e+00,0.000000000000000000e+00,-2.537676646723411977e+02,-5.209790217607687679e-03,-1.810216133586911580e+00,-1.675128533224043303e-06,0.000000000000000000e+00,-2.205133115357939266e-01,-7.091214715785469289e-03,-1.191021206099539995e+02,-5.673744511064851667e-05,0.000000000000000000e+00,-5.739563461160735917e-05
0.000000000000000000e+00,0.000000000000000000e+00,3.473140133948996663e+03,7.364103759579997133e-02,4.926517415778374764e-01,7.006801929521156600e-06,0.000000000000000000e+00,1.210951284322803634e+00,4.684880438545139386e-02,2.122537353524938226e+03,1.006068308139841921e-03,0.000000000000000000e+00,7.875043157210552709e-04
0.000000000000000000e+00,0.000000000000000000e+00,2.420121718481183052e+03,5.321240488077933622e-02,9.044427023931259635e-01,6.209746356201003504e-06,0.000000000000000000e+00,9.896817691553567720e-01,3.904283715644663033e-02,1.401726003378629684e+03,6.710878845151298754e-04,0.000000000000000000e+00,5.487123025150306317e-04
0.000000000000000000e+00,0.000000000000000000e+00,4.191506589777767658e+03,-5.731081093664776999e-02,1.042668509592062254e+00,-5.857289815945086141e-06,0.000000000000000000e+00,6.428931380944573615e-01,-2.958014955057745865e-02,4.225612303841859102e+03,1.539062086222754092e-03,0.000000000000000000e+00,1.030673314365241917e-03
0.000000000000000000e+00,0.000000000000000000e+00,-3.507849337317049503e+03,7.776552944755162067e-02,-1.232877639057980979e+00,8.107503930321806822e-06,0.000000000000000000e+00,-4.864547181142330201e-01,3.583053969415964796e-02,-3.815549307800829411e+03,-1.290013714802989162e-03,0.000000000000000000e+00,-8.795365851209008311e-04
0.000000000000000000e+00,0.000000000000000000e+00,-1.519537535600364208e+03,-3.385335372162647655e-02,-1.169143099714680556e+00,-4.904621129103633111e-06,0.000000000000000000e+00,-7.200639452264185891e-01,-2.821768878546881271e-02,-8.395728912912309170e+02,-4.039054967604046513e-04,0.000000000000000000e+00,-3.444727323381421326e-04
0.000000000000000000e+00,0.000000000000000000e+00,-8.444776209965348244e+02,-1.606656920708752698e-02,-1.828316114381094204e+00,-1.193355115930849823e-06,0.000000000000000000e+00,-2.823706021171640268e-01,-8.909169149798655887e-03,-5.515265206471085548e+02,-2.592601674498423302e-04,0.000000000000000000e+00,-1.944475846639134105e-04
0.000000000000000000e+00,0.000000000000000000e+00,-6.836370206391438842e+02,-1.342774213746586974e-02,-1.960766285789022012e+00,-1.011290021682299937e-06,0.000000000000000000e+00,-2.391716702007330719e-01,-7.831087522825103120e-03,-4.374348607007414103e+02,-2.066155863964935638e-04,0.000000000000000000e+00,-1.570513725309063079e-04
0.000000000000000000e+00,0.000000000000000000e+00,-5.012701619192957878e+02,-1.012615938177588784e-02,-1.856320123259822763e+00,-9.142209252617353615e-07,0.000000000000000000e+00,-1.835975250678876514e-01,-6.205450903160816475e-03,-3.145851819664239883e+02,-1.493510188633608113e-04,0.000000000000000000e+00,-1.151822179006148247e-04
0.000000000000000000e+00,0.000000000000000000e+00,4.255997703187167645e+02,8.807349826771648446e-03,1.992035062489899477e+00,7.806804742739696292e-07,0.000000000000000000e+00,1.627801957265566923e-01,5.629900872366613157e-03,2.622134076487272978e+02,1.248463165795942354e-04,0.000000000000000000e+00,9.760623992125027975e-05
0.000000000000000000e+00,0.000000000000000000e+00,-5.576320340692996979e+03,-4.538937180769653246e-02,-3.335771253537008298e-04,-1.959673265597667675e-06,0.000000000000000000e+00,-1.231303850181021176e+00,-1.212857014207588749e-02,-4.449608557432889938e+03,-1.913998403907145231e-03,0.000000000000000000e+00,-1.304085193228143088e-03
0.000000000000000000e+00,0.000000000000000000e+00,-5.699634484916925430e+03,-2.476196693919740718e-02,-1.165896842699107594e-01,-5.153814283626063793e-07,0.000000000000000000e+00,-1.157974762062704999e+00,-1.555729081544585156e-03,-4.772461893349885941e+03,-1.996729592303071212e-03,0.000000000000000000e+00,-1.343940540372502669e-03
0.000000000000000000e+00,0.000000000000000000e+00,-5.254386572264134884e+03,2.872029884873851177e-03,-3.948790231826133090e-01,1.339422371332229387e-06,0.000000000000000000e+00,-9.753889703668916500e-01,1.003329725232270098e-02,-4.651704525724053383e+03,-1.878362250373628905e-03,0.000000000000000000e+00,-1.253283674362652310e-03
0.000000000000000000e+00,0.000000000000000000e+00,4.978635790968313813e+03,-3.236860389372291785e-02,7.673288515605660720e-01,-3.662890757247337795e-06,0.000000000000000000e+00,8.416380558980354198e-01,-2.154169216343930493e-02,4.687505091933533549e+03,1.809278740000393746e-03,0.000000000000000000e+00,1.204170629796339495e-03
0.000000000000000000e+00,0.000000000000000000e+00,-1.377891924232244492e+02,-2.685192402093839435e-03,-1.791356646781868012e+00,-1.081530601459623880e-06,0.000000000000000000e+00,-1.460940563463922759e-01,-4.221815895435532436e-03,-6.197742678225040436e+01,-2.925729884752215936e-05,0.000000000000000000e+00,-3.111485683360318787e-05
0.000000000000000000e+00,0.000000000000000000e+00,1.843294713407754898e+03,3.872906013057891839e-02,1.122952387474584812e+00,3.711847004986620185e-06,0.000000000000000000e+00,6.913892301095063697e-01,2.506036288182824159e-02,1.125935251105576754e+03,5.359282664261458707e-04,0.000000000000000000e+00,4.208611851589079758e-04
0.000000000000000000e+00,0.000000000000000000e+00,1.231980821739882231e+03,2.672032901617060405e-02,1.302758794660238584e+00,3.016512454144542690e-06,0.000000000000000000e+00,5.135082828644025321e-01,1.911593605139689372e-02,7.232721806690096855e+02,3.465643747187787901e-04,0.000000000000000000e+00,2.807912478492802320e-04
0.000000000000000000e+00,0.000000000000000000e+00,6.042872073948383331e+03,3.553943263710604983e-01,1.437727164997400386e+00,5.767022670097391297e-05,0.000000000000000000e+00,1.420323791052743867e-01,9.149185157472641827e-02,2.476644717454910278e+03,6.446916543415171386e-04,0.000000000000000000e+00,3.133833088752030070e-04
0.000000000000000000e+00,0.000000000000000000e+00,-7.091377373719587922e+03,-4.052621713529364067e-01,-1.736401283502506443e+00,-1.948216447049450935e-05,0.000000000000000000e+00,-1.421241632839324032e-01,-2.122480025574922935e-01,-1.769394396265968680e+03,-7.115486956720495871e-04,0.000000000000000000e+00,-1.766358023205956678e-04
0.000000000000000000e+00,0.000000000000000000e+00,-5.332697816096246243e+03,-1.563998262540781947e-01,-1.485562606366495952e+00,-5.454728512096827613e-05,0.000000000000000000e+00,-2.290596980056321952e-01,5.887044654757780937e-02,-4.793316253758966923e+03,-8.704645662328923264e-04,0.000000000000000000e+00,-7.989309146506353917e-04
0.000000000000000000e+00,0.000000000000000000e+00,-5.391001573542132974e+03,-2.701017402476678098e-01,-1.364169521359368309e+00,-6.722363313158721365e-05,0.000000000000000000e+00,-1.661654791905852468e-01,-3.131282141670943195e-03,-3.454392595181241632e+03,-6.707041440773258562e-04,0.000000000000000000e+00,-5.140667670766549966e-04
0.000000000000000000e+00,0.000000000000000000e+00,3.949134891062974930e+03,7.188214270955153862e-02,4.785590978955773789e-01,5.123566046209875524e-06,0.000000000000000000e+00,1.175467590673270335e+00,3.667455141610669739e-02,2.650048449024558067e+03,1.229083637781708694e-03,0.000000000000000000e+00,9.049679821306638077e-04
0.000000000000000000e+00,0.000000000000000000e+00,2.929514097571372986e+03,5.829762972014153333e-02,8.980088500855986089e-01,4.790919109279802848e-06,0.000000000000000000e+00,9.823261232856205227e-01,3.374577224046607093e-02,1.870532796692103148e+03,8.810346309334779295e-04,0.000000000000000000e+00,6.699057660401531219e-04
0.000000000000000000e+00,0.000000000000000000e+00,6.299634974315762520e+03,7.807103153099569093e-02,5.634326571696827079e-04,4.786661163676204288e-06,0.000000000000000000e+00,1.447150746831523227e+00,2.737051056802541557e-02,4.749162203077226877e+03,2.090770659956704344e-03,0.000000000000000000e+00,1.454605899988250682e-03
0.000000000000000000e+00,0.000000000000000000e+00,5.282192915719002485e+03,8.309072517725646367e-02,1.413979898355716691e-01,5.321384925676210801e-06,0.000000000000000000e+00,1.383932081046846285e+00,3.630424681274703469e-02,3.748187147814314812e+03,1.699612482257450638e-03,0.000000000000000000e+00,1.213916969802256293e-03
0.000000000000000000e+00,0.000000000000000000e+00,1.073368962824344635e+03,1.955018264773777589e-02,1.697357800429671215e+00,1.340543552481375103e-06,0.000000000000000000e+00,3.423668577598065754e-01,1.028072996898502824e-02,7.163146484494209290e+02,3.346712333542442206e-04,0.000000000000000000e+00,2.474632101942593086e-04
0.000000000000000000e+00,0.000000000000000000e+00,-1.218564212426543236e+03,-2.104587547991920368e-02,-1.349566327272043065e+00,-1.369820217836357539e-06,0.000000000000000000e+00,-3.702673976822949964e-01,-1.046065261122827716e-02,-8.320138990916311741e+02,-3.859906763160808390e-04,0.000000000000000000e+00,-2.815401205508263655e-04
0.000000000000000000e+00,0.000000000000000000e+00,3.580371074683964252e+03,4.754945162998270441e-02,8.512524867698717523e-01,2.523790002191724455e-06,0.000000000000000000e+00,9.327518720842367106e-01,1.916120097500939937e-02,2.640861049003899097e+03,1.187328096636987773e-03,0.000000000000000000e+00,8.324274803631478634e-04
0.000000000000000000e+00,0.000000000000000000e+00,-4.780616493869572878e+03,-5.480546033449110871e-02,-4.786344670832332615e-01,-2.668491261572784335e-06,0.000000000000000000e+00,-1.178714999372365124e+00,-1.995251265894901552e-02,-3.630699252529069781e+03,-1.608350232177585028e-03,0.000000000000000000e+00,-1.113954910364513490e-03
0.000000000000000000e+00,0.000000000000000000e+00,1.868896951150149107e+03,3.017817268650025211e-02,1.367902796695567469e+00,1.845276420958307190e-06,0.000000000000000000e+00,5.403952194622717586e-01,1.412934201876691297e-02,1.307292358566075563e+03,6.012998670591117008e-04,0.000000000000000000e+00,4.327353054430973112e-04
0.000000000000000000e+00,0.000000000000000000e+00,-2.526669389590620995e+03,-3.746994786170745190e-02,-1.124555340484409971e+00,-2.135131315025857256e-06,0.000000000000000000e+00,-6.939481029884594365e-01,-1.636652320900309696e-02,-1.813413938853889704e+03,-8.252277987079913385e-04,0.000000000000000000e+00,-5.860274726574136745e-04
0.000000000000000000e+00,0.000000000000000000e+00,1.401614739648066461e+03,-8.932628963427945157e-02,1.867006610483347151e+00,-1.165990859787821785e-05,0.000000000000000000e+00,1.528624946181524613e-01,-3.434624264950964651e-02,2.063012833103537560e+03,4.915957166932820310e-04,0.000000000000000000e+00,3.899931083691696946e-04
0.000000000000000000e+00,0.000000000000000000e+00,-1.477595005637034774e+03,7.763421652466696854e-02,-1.738028709318522935e+00,9.676465523176314140e-06,0.000000000000000000e+00,-1.721801007691252383e-01,2.976315221161468169e-02,-2.006692279215902090e+03,-5.360173432121847614e-04,0.000000000000000000e+00,-4.000826749316617297e-04
0.000000000000000000e+00,0.000000000000000000e+00,5.727667405806481838e+03,5.344967631006927039e-02,1.361071684261205561e-01,2.302548910822753752e-06,0.000000000000000000e+00,1.334422554606661926e+00,1.678558305657794347e-02,4.487980043426156044e+03,1.955601874352383852e-03,0.000000000000000000e+00,1.339156403996785445e-03
0.000000000000000000e+00,0.000000000000000000e+00,5.542457390457391739e+03,3.901756232252263229e-02,1.020388248503866250e-03,1.334475218645651698e-06,0.000000000000000000e+00,1.224080317942661589e+00,9.529933178327341589e-03,4.478200800120830536e+03,1.919349226936865882e-03,0.000000000000000000e+00,1.301682356269353181e-03
0.000000000000000000e+00,0.000000000000000000e+00,-5.325192573138512671e+03,-2.883002400860746467e-03,-4.185667492454218097e-01,1.249777182395475137e-06,0.000000000000000000e+00,-1.040556049041488684e+00,6.712444287287209349e-03,-4.643359886963851750e+03,-1.906071567558019963e-03,0.000000000000000000e+00,-1.270595241871034934e-03
0.000000000000000000e+00,0.000000000000000000e+00,-4.435968442186713219e+03,1.482573073444266518e-02,-7.401389807574663138e-01,2.383497184512605788e-06,0.000000000000000000e+00,-8.161645848581227103e-01,1.259651851357143290e-02,-4.028666991900652647e+03,-1.610754994700852984e-03,0.000000000000000000e+00,-1.068713669397904943e-03
0.000000000000000000e+00,0.000000000000000000e+00,-5.816000285461544991e+03,-3.848482779637887874e-02,-7.140780133529134365e-04,-1.197525543174704763e-06,0.000000000000000000e+00,-1.272168759628366841e+00,-8.756688171320012315e-03,-4.725008486762642860e+03,-2.017953629362988655e-03,0.000000000000000000e+00,-1.366500736107580799e-03
0.000000000000000000e+00,0.000000000000000000e+00,-6.237553952075541019e+03,-2.441783017020982341e-02,-1.294455737005648921e-01,-1.129418519086261212e-07,0.000000000000000000e+00,-1.292861102677286267e+00,-1.367033918524940056e-03,-5.236588112227618694e+03,-2.197118506780219426e-03,0.000000000000000000e+00,-1.475544092468580827e-03
0.000000000000000000e+00,0.000000000000000000e+00,2.873598332636058331e+03,-5.444059669971012400e-02,1.588541475509432477e+00,-5.791788828420083337e-06,0.000000000000000000e+00,4.373572764791486267e-01,-2.434496514267861858e-02,3.011830562494695187e+03,1.074034225772154197e-03,0.000000000000000000e+00,7.183571426151739905e-04
0.000000000000000000e+00,0.000000000000000000e+00,2.130867899820208549e+03,-5.494635606385590842e-02,1.500929194400992595e+00,-6.014260498887879228e-06,0.000000000000000000e+00,3.035824378158479275e-01,-2.299843070029638017e-02,2.362951225951313972e+03,7.984226922968170074e-04,0.000000000000000000e+00,5.411650913397800591e-04
0.000000000000000000e+00,0.000000000000000000e+00,3.694591474205255508e+03,-2.892217729208546723e-02,1.031064541796197220e+00,-3.411779073141172752e-06,0.000000000000000000e+00,6.390915252455465767e-01,-1.679297737285324194e-02,3.506031961619853973e+03,1.358504607449672339e-03,0.000000000000000000e+00,8.998734418926207295e-04
0.000000000000000000e+00,0.000000000000000000e+00,2.969607678350061178e+03,-3.857929529839690397e-02,1.216134675059963977e+00,-4.117515594976945347e-06,0.000000000000000000e+00,4.822156820804363586e-01,-1.902456708350331455e-02,2.955484893884509802e+03,1.102487797619476628e-03,0.000000000000000000e+00,7.321071191191208874e-04
0.000000000000000000e+00,0.000000000000000000e+00,1.813251657292246819e+03,-6.094070015378824645e-02,1.560889405381012729e+00,-6.932550436537414991e-06,0.000000000000000000e+00,2.416160003069636464e-01,-2.437246479782828601e-02,2.138502693504095078e+03,6.775318504587334815e-04,0.000000000000000000e+00,4.691072795135621640e-04
0.000000000000000000e+00,0.000000000000000000e+00,1.589802090814569965e+03,-6.755414559452778411e-02,1.619582020893395091e+00,-8.025608329521759495e-06,0.000000000000000000e+00,1.981285007980622959e-01,-2.624486182245182667e-02,2.005654203760903329e+03,5.882843464105654962e-04,0.000000000000000000e+00,4.202752931266911162e-04
0.000000000000000000e+00,0.000000000000000000e+00,4.752641770504415035e+03,9.362492729149148041e-02,1.426598149361621992e-01,7.524102404890231125e-06,0.000000000000000000e+00,1.392929226424647560e+00,5.059726885395904317e-02,3.085571780785918236e+03,1.437022978158323692e-03,0.000000000000000000e+00,1.077414093418108381e-03
0.000000000000000000e+00,0.000000000000000000e+00,5.906981919616460800e+03,1.026779124057403958e-01,7.273674631865390677e-04,7.750314450391588251e-06,0.000000000000000000e+00,1.437543472011856283e+00,4.549668391811827195e-02,4.093373592106625438e+03,1.854554908375713419e-03,0.000000000000000000e+00,1.338927383277402393e-03
0.000000000000000000e+00,0.000000000000000000e+00,2.757122038118541241e+03,4.598592055552377239e-02,1.652232015049863056e+00,-3.505030003715850072e-05,0.000000000000000000e+00,1.360238600008354115e-01,2.276126834724422898e-01,3.613591034561395645e+02,2.625576214582220282e-04,0.000000000000000000e+00,2.027452010531578710e-04
0.000000000000000000e+00,0.000000000000000000e+00,-4.071319096978753805e+03,-9.466436545218835652e-02,-1.647341171066600163e+00,5.496647352351815489e-05,0.000000000000000000e+00,-1.640841560674806132e-01,-2.942180894136892655e-01,-5.473182190544903278e+02,-4.227640949404475458e-04,0.000000000000000000e+00,-2.562227290032429859e-04
0.000000000000000000e+00,0.000000000000000000e+00,-6.069279597502201796e+03,-1.890775362053233599e-01,-1.734908504630106041e+00,6.585806627646736543e-05,0.000000000000000000e+00,-2.130965924391747257e-01,-3.582031655301726181e-01,-9.696636255793273449e+02,-7.042126919294779738e-04,0.000000000000000000e+00,-3.632088968860930182e-04
0.000000000000000000e+00,0.000000000000000000e+00,-7.272166743597015738e+03,-2.848866390038352625e-01,-1.589773163728689598e+00,3.637968632928818672e-05,0.000000000000000000e+00,-2.466914889824986523e-01,-3.181684681897350986e-01,-1.618318813540041447e+03,-9.674947745090708680e-04,0.000000000000000000e+00,-4.988321261731525980e-04
0.000000000000000000e+00,0.000000000000000000e+00,7.664878862747922540e+03,3.386310845727511509e-01,1.421178972524044903e+00,1.361279593822429328e-05,0.000000000000000000e+00,2.874312805931522052e-01,2.144918118950940866e-01,2.597429845960810781e+03,1.204656989694402299e-03,0.000000000000000000e+00,7.081664155792021095e-04
0.000000000000000000e+00,0.000000000000000000e+00,6.888544055502861738e+03,2.861305473720501813e-01,1.187336156458033809e+00,4.125668225857179454e-05,0.000000000000000000e+00,3.263760388490331565e-01,9.509641763025236672e-02,3.502568199861794710e+03,1.322500449673777055e-03,0.000000000000000000e+00,8.966079018012424080e-04
0.000000000000000000e+00,0.000000000000000000e+00,6.382608225978910923e+03,1.927636811010589313e-01,1.047715107085726904e+00,3.789433849270495519e-05,0.000000000000000000e+00,4.145083047479741212e-01,2.433344297537177320e-02,4.377442322375252843e+03,1.515096801580176431e-03,0.000000000000000000e+00,1.098200147012180772e-03
0.000000000000000000e+00,0.000000000000000000e+00,6.535259365603327751e+03,1.146103204529613506e-01,9.495046257535075807e-01,2.454831921188803146e-05,0.000000000000000000e+00,5.873969758684918219e-01,-3.563848128599400762e-03,5.216438892200589180e+03,1.846115726677716000e-03,0.000000000000000000e+00,1.330271577941317474e-03
0.000000000000000000e+00,0.000000000000000000e+00,-4.238041567754931748e+03,6.629679594636975204e-02,-1.052575858064604075e+00,2.440311346534037364e-06,0.000000000000000000e+00,-4.163654286897239820e-01,5.599986528352442205e-02,-4.719235454772599041e+03,-1.357107091398769604e-03,0.000000000000000000e+00,-1.013359780132551359e-03
0.000000000000000000e+00,0.000000000000000000e+00,4.862047479934990406e+03,-5.810399317758363491e-02,9.433660512614727711e-01,-3.263526519777416077e-06,0.000000000000000000e+00,5.829075017854943308e-01,-4.438101841101459166e-02,5.034381020195782185e+03,1.666212448761721391e-03,0.000000000000000000e+00,1.169006598273118975e-03
0.000000000000000000e+00,0.000000000000000000e+00,5.106219559261575341e+03,-2.673269285802993070e-02,6.672227303367741502e-01,-1.362915137520654708e-06,0.000000000000000000e+00,7.333901269581749593e-01,-2.672226296116668454e-02,4.858059984855353832e+03,1.789373556614127971e-03,0.000000000000000000e+00,1.216401207723901215e-03
0.000000000000000000e+00,0.000000000000000000e+00,5.841343826308846474e+03,9.749408524450522279e-03,4.005664970231772593e-01,9.300114844524703205e-07,0.000000000000000000e+00,9.906593185536745061e-01,-1.012489250783213737e-02,5.112601473398506641e+03,2.037502814901118869e-03,0.000000000000000000e+00,1.374770274651193266e-03
0.000000000000000000e+00,0.000000000000000000e+00,-5.730218534693121910e+03,-4.357127200116053117e-02,-1.145420840300407500e-01,-2.792694893225557637e-06,0.000000000000000000e+00,-1.133924688511238177e+00,-8.066208290442080167e-03,-4.642429456740617752e+03,-1.957964718140380901e-03,0.000000000000000000e+00,-1.333665835614374073e-03
0.000000000000000000e+00,0.000000000000000000e+00,-5.172726777195930481e+03,-6.280886474976714318e-02,-4.365721166421962073e-04,-3.873371007997145411e-06,0.000000000000000000e+00,-1.177423369452649471e+00,-2.159086099500369740e-02,-3.916057390958070755e+03,-1.719237658809773424e-03,0.000000000000000000e+00,-1.194371494538598501e-03
0.000000000000000000e+00,0.000000000000000000e+00,2.856550896707922220e+02,6.293265114403217945e-03,2.082721144027168236e+00,1.218514870336279923e-06,0.000000000000000000e+00,1.689758628792131512e-01,6.132535189534822455e-03,1.496995499730110168e+02,7.218222367334536970e-05,0.000000000000000000e+00,6.500640089965756762e-05
0.000000000000000000e+00,0.000000000000000000e+00,3.103230943549424410e+02,6.869030997187058549e-03,1.743798319049573387e+00,1.169260661019188570e-06,0.000000000000000000e+00,1.711784845014123757e-01,6.293291838507283041e-03,1.662228872012346983e+02,8.009239453521934608e-05,0.000000000000000000e+00,7.059085368740561080e-05
0.000000000000000000e+00,0.000000000000000000e+00,9.679826462753117085e+02,2.149828236681066568e-02,1.333768212969857148e+00,3.799320422869640209e-06,0.000000000000000000e+00,5.260701882775076221e-01,2.013045029244582215e-02,5.131465081013739109e+02,2.471417912015650233e-04,0.000000000000000000e+00,2.193704726596150964e-04
0.000000000000000000e+00,0.000000000000000000e+00,4.336618327908217907e+03,2.035194098610410354e-02,1.276258989772248498e+00,2.214573482010513298e-05,0.000000000000000000e+00,2.571823725388537318e-01,-7.255177226133428803e-02,4.719836858316324651e+03,9.578453799495931925e-04,0.000000000000000000e+00,8.612522638502607183e-04
0.000000000000000000e+00,0.000000000000000000e+00,-4.249818540841341019e+03,4.884907753129991148e-02,-1.208575989818301721e+00,-4.482207556729154688e-06,0.000000000000000000e+00,-3.318796087044699195e-01,7.024436318480331565e-02,-4.887840161658823490e+03,-1.184110406375766741e-03,0.000000000000000000e+00,-9.685145873082126600e-04
0.000000000000000000e+00,0.000000000000000000e+00,2.025367624018341303e+03,3.995672595283001477e-02,1.122829256474587645e+00,3.196945301416864033e-06,0.000000000000000000e+00,6.879330265702717773e-01,2.304589751022795979e-02,1.297842594372108579e+03,6.117598490478472423e-04,0.000000000000000000e+00,4.643183693813701315e-04
0.000000000000000000e+00,0.000000000000000000e+00,-1.504781946584582329e+03,-3.118098660772576289e-02,-1.425747740407411257e+00,-2.838398399900220285e-06,0.000000000000000000e+00,-5.593057028101959816e-01,-1.970851078025168471e-02,-9.291408317983150482e+02,-4.417090742115592971e-04,0.000000000000000000e+00,-3.442343589368492213e-04
0.000000000000000000e+00,0.000000000000000000e+00,1.032267205268144608e+03,2.208017464054162771e-02,1.534119254875360605e+00,2.290128104152275121e-06,0.000000000000000000e+00,4.180193383044749078e-01,1.518215704967172501e-02,6.162330672480165958e+02,2.946201603460359771e-04,0.000000000000000000e+00,2.357467121813055220e-04
0.000000000000000000e+00,0.000000000000000000e+00,-7.252604125738143921e+02,-1.582288153598385150e-02,-1.592187874489746191e+00,-1.876353421760849527e-06,0.000000000000000000e+00,-3.187852626368586906e-01,-1.176594497132679371e-02,-4.198579940944910049e+02,-2.014715534922828727e-04,0.000000000000000000e+00,-1.653511805713503218e-04
0.000000000000000000e+00,0.000000000000000000e+00,6.335129070982336998e+03,6.556870133650576082e-02,3.394461058401831641e-04,3.510586118610966709e-06,0.000000000000000000e+00,1.431009833198074288e+00,2.065286609945823221e-02,4.912615874886512756e+03,2.140150679299898401e-03,0.000000000000000000e+00,1.472791272434511786e-03
0.000000000000000000e+00,0.000000000000000000e+00,-5.126363069102168083e+03,-7.031166595530446983e-02,-1.322381501001587967e-01,-4.083980097007961581e-06,0.000000000000000000e+00,-1.288526027850582123e+00,-2.798191246479778821e-02,-3.766885184135288000e+03,-1.686457389381468405e-03,0.000000000000000000e+00,-1.184874811898367153e-03
0.000000000000000000e+00,0.000000000000000000e+00,3.889518478564918041e+03,6.361298290382816356e-02,4.443796157671143776e-01,4.012926720031533860e-06,0.000000000000000000e+00,1.086951302496151905e+00,2.945363691017956198e-02,2.717263531707227230e+03,1.244182625381933666e-03,0.000000000000000000e+00,8.958314755554804476e-04
0.000000000000000000e+00,0.000000000000000000e+00,-2.868684951163828373e+03,-5.253894350941487601e-02,-8.140479032365181000e-01,-3.762463957952554185e-06,0.000000000000000000e+00,-8.860973615482279353e-01,-2.737252119122851601e-02,-1.915166998639702797e+03,-8.917361543975222890e-04,0.000000000000000000e+00,-6.589446129208504244e-04
0.000000000000000000e+00,0.000000000000000000e+00,-6.187319288570433855e+02,-1.365015141012560287e-02,-1.919070249063806299e+00,-1.864243512236554019e-06,0.000000000000000000e+00,-2.943022485248422138e-01,-1.093202225115333034e-02,-3.482483268436044455e+02,-1.675767622909581491e-04,0.000000000000000000e+00,-1.410300737820634361e-04
0.000000000000000000e+00,0.000000000000000000e+00,4.336529836580157280e+02,9.611089334134821985e-03,1.835873974736144998e+00,1.495413794790325964e-06,0.000000000000000000e+00,2.224347597032728108e-01,8.253974187768858481e-03,2.378579408898949623e+02,1.147732398147987908e-04,0.000000000000000000e+00,9.886661835208989410e-05
0.000000000000000000e+00,0.000000000000000000e+00,-4.733310666428878903e+03,-2.395893849195715741e-01,-1.641147949591635458e+00,-7.736026634658271968e-05,0.000000000000000000e+00,-1.327840208318649962e-01,5.366694967874614808e-02,-3.827317695634439588e+03,-3.043848710838439366e-04,0.000000000000000000e+00,-3.940313847964938584e-04
0.000000000000000000e+00,0.000000000000000000e+00,-3.988270251292735338e+03,-9.143494272260727085e-02,-1.601044441591077838e+00,-4.769221770414708511e-05,0.000000000000000000e+00,-1.570162784900626940e-01,9.424538799375924147e-02,-4.447670869633555412e+03,-3.927572628091022602e-04,0.000000000000000000e+00,-5.743564162125232558e-04
0.000000000000000000e+00,0.000000000000000000e+00,-5.085070804023416713e+03,3.783752034940790487e-02,-7.229140249819191455e-01,3.492506241008742333e-06,0.000000000000000000e+00,-7.908386665741449217e-01,2.656937550869354139e-02,-4.875151510700350627e+03,-1.826765937698134577e-03,0.000000000000000000e+00,-1.226757386308525944e-03
0.000000000000000000e+00,0.000000000000000000e+00,5.441902750089764595e+03,-1.292663327900587210e-03,3.909682989405928732e-01,-7.108998093905000708e-07,0.000000000000000000e+00,9.632562379512185080e-01,-1.143541244998057434e-02,4.827679505273699760e+03,1.929579331794020270e-03,0.000000000000000000e+00,1.292758948916014313e-03
0.000000000000000000e+00,0.000000000000000000e+00,3.546148723423480988e+03,-8.874257104981282673e-02,1.057518876564809807e+00,-8.594558385800701064e-06,0.000000000000000000e+00,4.163046343198515964e-01,-4.647720206535869980e-02,4.060891905941069126e+03,1.243515723267379306e-03,0.000000000000000000e+00,8.878595881530395749e-04
0.000000000000000000e+00,0.000000000000000000e+00,4.721368670113384724e+03,-7.512673696033457527e-02,1.041271658889799445e+00,-6.887432356728603728e-06,0.000000000000000000e+00,6.405861502517933292e-01,-4.173147113568417832e-02,4.931227521736174822e+03,1.694980779143726761e-03,0.000000000000000000e+00,1.159955934570900977e-03
0.000000000000000000e+00,0.000000000000000000e+00,3.279765276122838259e+03,-1.196436475441893243e-01,1.382679864595038222e+00,-1.039603127636715366e-05,0.000000000000000000e+00,2.774319495126844060e-01,-7.764557756406266498e-02,4.458505727391690016e+03,9.551414268693374666e-04,0.000000000000000000e+00,8.255605059236823190e-04
0.000000000000000000e+00,0.000000000000000000e+00,-3.474392598750186153e+03,1.148529836154399408e-01,-1.278457753829281618e+00,1.121594651220072966e-05,0.000000000000000000e+00,-3.494341241833393563e-01,6.298882557115956238e-02,-4.364925859714159742e+03,-1.145732613609409378e-03,0.000000000000000000e+00,-8.815981510357286674e-04
0.000000000000000000e+00,0.000000000000000000e+00,-3.512793039556592703e+03,2.933621603734961128e-02,-1.556038708804636128e+00,-1.695940975727792456e-05,0.000000000000000000e+00,-1.883764727967506825e-01,1.033455795538115174e-01,-4.700790728077292442e+03,-5.655988147042846680e-04,0.000000000000000000e+00,-7.047832767393518707e-04
0.000000000000000000e+00,0.000000000000000000e+00,-3.357207424610853195e+03,9.956831847724606499e-02,-1.511388563575450261e+00,2.615256297402971208e-06,0.000000000000000000e+00,-2.321125331505079215e-01,9.536678380251052689e-02,-4.730968957956880331e+03,-7.809575807798429300e-04,0.000000000000000000e+00,-7.956023724577321538e-04
0.000000000000000000e+00,0.000000000000000000e+00,1.817830858826637268e+02,3.643440931358736187e-03,1.772977999326330822e+00,1.368400409851600995e-06,0.000000000000000000e+00,1.749581378877642091e-01,5.339348355116175018e-03,8.342331650853157043e+01,3.966954958182035608e-05,0.000000000000000000e+00,4.107600637693583555e-05
0.000000000000000000e+00,0.000000000000000000e+00,-5.657678810030221939e+03,-5.680204106533580377e-02,-3.235802016542381368e-04,-3.046341431310338475e-06,0.000000000000000000e+00,-1.265918466183432844e+00,-1.739992911663880079e-02,-4.408041153401136398e+03,-1.913879439579911157e-03,0.000000000000000000e+00,-1.315149942604922333e-03
0.000000000000000000e+00,0.000000000000000000e+00,-6.006432774126529694e+03,-3.367836732779658226e-02,-1.215618199511919878e-01,-1.533210490734384904e-06,0.000000000000000000e+00,-1.201388160485857393e+00,-4.004990700065120396e-03,-4.969990402594208717e+03,-2.083271959020504757e-03,0.000000000000000000e+00,-1.408818782443728565e-03
0.000000000000000000e+00,0.000000000000000000e+00,-3.889263903126120567e+02,-8.502431824890428064e-03,-1.795135401451603885e+00,-1.007166605989793526e-06,0.000000000000000000e+00,-1.765946890541450764e-01,-6.467304654617161801e-03,-2.233583961948752403e+02,-1.072575149635843412e-04,0.000000000000000000e+00,-8.871342638714465646e-05
0.000000000000000000e+00,0.000000000000000000e+00,-3.206927681528031826e+02,-7.063166631757060790e-03,-1.898434812756355505e+00,-9.395193489601373117e-07,0.000000000000000000e+00,-1.543433756081123431e-01,-5.679405498931307077e-03,-1.803394273594021797e+02,-8.676977462798429730e-05,0.000000000000000000e+00,-7.312655987141437051e-05
0.000000000000000000e+00,0.000000000000000000e+00,-6.165596725605428219e+02,-1.309546298806718925e-02,-1.611775316050917395e+00,-1.326977024040606593e-06,0.000000000000000000e+00,-2.477595216202672090e-01,-8.843637289755824915e-03,-3.709924212731420994e+02,-1.773861932092350138e-04,0.000000000000000000e+00,-1.410438192703255015e-04
0.000000000000000000e+00,0.000000000000000000e+00,5.042086756229400635e+02,1.090906581247764670e-02,1.775764073162317658e+00,1.257654204360051622e-06,0.000000000000000000e+00,2.157164924201891709e-01,7.832214774232619525e-03,2.961482780575752258e+02,1.421046426502719400e-04,0.000000000000000000e+00,1.153817248854419536e-04
0.000000000000000000e+00,0.000000000000000000e+00,-1.127976194716989994e+03,-2.249558635810650770e-02,-1.455414629430746842e+00,-1.876467550432677109e-06,0.000000000000000000e+00,-3.975500693960166698e-01,-1.331860210438566561e-02,-7.163017015680670738e+02,-3.387974706159495330e-04,0.000000000000000000e+00,-2.589178845934831546e-04
0.000000000000000000e+00,0.000000000000000000e+00,-8.743680869564414024e+02,-1.807022237207487128e-02,-1.641276792492647241e+00,-1.657415896407963324e-06,0.000000000000000000e+00,-3.294199256098878648e-01,-1.145801231156926177e-02,-5.399463127404451370e+02,-2.568958974375318261e-04,0.000000000000000000e+00,-2.003188956660206278e-04
0.000000000000000000e+00,0.000000000000000000e+00,-2.258978281833231449e+03,-4.006070211706980883e-02,-1.125606079294980910e+00,-2.758994706991786466e-06,0.000000000000000000e+00,-6.912614486697756799e-01,-2.032384358701524313e-02,-1.527590071573853493e+03,-7.097554085741688114e-04,0.000000000000000000e+00,-5.206018254558069909e-04
0.000000000000000000e+00,0.000000000000000000e+00,-1.732861950554652140e+03,-3.288940592604777668e-02,-1.449339168746492490e+00,-2.462787802074065368e-06,0.000000000000000000e+00,-5.698646043303864372e-01,-1.809199021173861499e-02,-1.134130510528106242e+03,-5.323064812648268954e-04,0.000000000000000000e+00,-3.983428680984511848e-04
1.251679074656646184e+00,2.397285065189442010e-01,6.602946709841489792e+02,0.000000000000000000e+00,0.000000000000000000e+00,-4.805547980512997000e-06,1.363653265159844530e+00,0.000000000000000000e+00,0.000000000000000000e+00,2.146117742538452148e+03,5.885667441472011100e-04,-1.522087305784225464e-02,1.557043006232932390e-04
7.664463953590433531e-01,3.645476102349020642e-01,9.583505800478160381e+02,0.000000000000000000e+00,0.000000000000000000e+00,-6.248995088174453829e-06,1.875718153674579503e+00,0.000000000000000000e+00,0.000000000000000000e+00,3.566455385331064463e+03,9.308277883420043716e-04,2.516585960984230042e-02,2.785636281470174830e-04
2.911229050978523691e+00,4.942392283995936664e-01,-1.318619903326034546e+02,0.000000000000000000e+00,0.000000000000000000e+00,-6.885528359331968937e-05,3.550454502854248906e-01,0.000000000000000000e+00,0.000000000000000000e+00,1.962892007734626532e+03,7.937967543252218204e-05,-1.111802458763122559e-02,6.023697941542525101e-05
2.954874207250174134e+00,6.948813282769252808e-01,-3.951592612365493551e+02,0.000000000000000000e+00,0.000000000000000000e+00,-1.092238024833978963e-04,4.558803382898067302e-01,0.000000000000000000e+00,0.000000000000000000e+00,3.021109531031455845e+03,4.559415258440595705e-05,1.143899071030318737e-02,1.040710372823994444e-04
2.496856990649437780e+00,7.876264528026754030e-01,-6.716518201828002930e+02,0.000000000000000000e+00,0.000000000000000000e+00,-1.300040528664330982e-04,5.031569103749186089e-01,0.000000000000000000e+00,0.000000000000000000e+00,3.844101566016674042e+03,-1.655152406757161087e-05,5.634143948554992676e-02,1.444432914456848457e-04
-2.095136335882869627e+00,-8.417417117352996581e-01,8.919109165389090776e+02,0.000000000000000000e+00,0.000000000000000000e+00,1.346248070130283880e-04,-5.743208201276420732e-01,0.000000000000000000e+00,0.000000000000000000e+00,-4.756105859033763409e+03,6.497833471998293211e-05,-1.127454414963722229e-01,-1.831016172729801200e-04
2.354622907555220801e-01,5.034094815787688582e-01,1.259090935319662094e+03,0.000000000000000000e+00,0.000000000000000000e+00,-3.021277474028411187e-06,2.293888757604753970e+00,0.000000000000000000e+00,0.000000000000000000e+00,5.374282535575330257e+03,1.297020026768511093e-03,1.028620675206184387e-01,4.218470603165030823e-04
1.052380472692813389e-03,5.670669537125692106e-01,1.306561619203537703e+03,0.000000000000000000e+00,0.000000000000000000e+00,3.635678239017216077e-06,2.225588500711261464e+00,0.000000000000000000e+00,0.000000000000000000e+00,6.491464666017331183e+03,1.385437891091789329e-03,1.813576454296708107e-01,4.734057850684739730e-04
-2.759163265713788782e+00,-2.375985064340757902e-01,-6.850845938920974731e+01,0.000000000000000000e+00,0.000000000000000000e+00,2.119581017386228965e-05,-2.251898319226929568e-01,0.000000000000000000e+00,0.000000000000000000e+00,-8.354020978510379791e+02,-7.912544252609485500e-05,2.101659774780273438e-02,-1.781778329774496355e-05
-2.871823267813636615e+00,-3.473040402772186730e-01,-7.933667503297328949e+00,0.000000000000000000e+00,0.000000000000000000e+00,4.024902188345777412e-05,-2.835968210769074238e-01,0.000000000000000000e+00,0.000000000000000000e+00,-1.287275180779397488e+03,-8.707495013316069322e-05,2.019760757684707642e-02,-3.351639967077057520e-05
-2.951320974355830185e+00,-1.559554528469338057e-02,-5.353599337115883827e+01,0.000000000000000000e+00,0.000000000000000000e+00,-4.930110260038638232e-06,-2.403350249549749407e-01,0.000000000000000000e+00,0.000000000000000000e+00,-7.744085576571524143e+01,-2.466385286742628003e-05,1.106338761746883392e-02,1.174783650651733905e-07
-2.842512175087368309e+00,-2.000355123641522903e-02,-6.863804318010807037e+01,0.000000000000000000e+00,0.000000000000000000e+00,-5.854342576046698910e-06,-2.801633693251668888e-01,0.000000000000000000e+00,0.000000000000000000e+00,-1.016904042065143585e+02,-3.219030575172165867e-05,1.383455097675323486e-02,-1.390697626625007027e-07
-2.015870805200326299e-01,-6.917597401698896142e-01,-9.515676711276173592e+02,0.000000000000000000e+00,0.000000000000000000e+00,5.091511796479549368e-05,-1.998684835321388853e+00,0.000000000000000000e+00,0.000000000000000000e+00,-5.214161831580102444e+03,-1.076105356152577642e-03,-2.139572799205780029e-02,-3.503493085303024512e-04
-8.925760179871389732e-04,-5.560394188243159563e-01,-1.105757253542542458e+03,0.000000000000000000e+00,0.000000000000000000e+00,2.759068092319111806e-05,-2.201054841285237984e+00,0.000000000000000000e+00,0.000000000000000000e+00,-4.392977864071726799e+03,-1.063423225439080570e-03,1.538756489753723145e-02,-3.016444868682621240e-04
2.519870342323614398e+00,4.876709344663683610e-02,1.654488916508853436e+02,0.000000000000000000e+00,0.000000000000000000e+00,9.246550799495449526e-06,5.066622062529234638e-01,0.000000000000000000e+00,0.000000000000000000e+00,2.747141583543270826e+02,8.480102731338875035e-05,-3.091613389551639557e-02,2.685517393737283995e-06
-2.616162134726118804e+00,-7.651144477198924820e-02,-2.559332142043858767e+02,0.000000000000000000e+00,0.000000000000000000e+00,-1.111199103660045463e-05,-7.158435434588802382e-01,0.000000000000000000e+00,0.000000000000000000e+00,-4.519428035765886307e+02,-1.379342036649675246e-04,4.594529978930950165e-02,-7.148529447959039529e-06
-2.885738317151670174e+00,-2.762732376045225896e-02,-9.472973836213350296e+01,0.000000000000000000e+00,0.000000000000000000e+00,-7.322049122554739288e-06,-3.510947373526306370e-01,0.000000000000000000e+00,0.000000000000000000e+00,-1.445526098385453224e+02,-4.552503328787482545e-05,1.878462731838226318e-02,-5.003340303477503179e-07
2.929714378841258071e+00,3.922664480324707797e-02,1.340039273053407669e+02,0.000000000000000000e+00,0.000000000000000000e+00,8.996241638051222624e-06,4.509492204366874479e-01,0.000000000000000000e+00,0.000000000000000000e+00,2.121845201551914215e+02,6.617927501778074289e-05,-2.686968445777893066e-02,1.260822938649065307e-06
-1.194868503402716220e+00,-8.639325576552581154e-01,-3.859739743471145630e+02,0.000000000000000000e+00,0.000000000000000000e+00,9.753304721175172281e-05,-1.316134758768751745e+00,0.000000000000000000e+00,0.000000000000000000e+00,-4.737992684751749039e+03,-6.562922933830607356e-04,8.998855948448181152e-03,-2.437556784650212654e-04
6.753085607219188047e-01,8.245961067133473765e-01,6.371805944815278053e+02,0.000000000000000000e+00,0.000000000000000000e+00,-8.202628818207476492e-05,1.673331793536152245e+00,0.000000000000000000e+00,0.000000000000000000e+00,5.430003358155488968e+03,9.061174460834371279e-04,2.581535279750823975e-02,3.293170981932934806e-04
-2.352807906044378949e+00,-6.004915219597427994e-02,-2.031916116941720247e+02,0.000000000000000000e+00,0.000000000000000000e+00,-1.229564240655968501e-05,-6.454040908483157368e-01,0.000000000000000000e+00,0.000000000000000000e+00,-3.312897018687799573e+02,-1.026547788727548763e-04,3.859029710292816162e-02,-2.880302695832921708e-06
-2.670945823250400863e+00,-4.439530068552699493e-02,-1.514098360873758793e+02,0.000000000000000000e+00,0.000000000000000000e+00,-1.103619470412392828e-05,-5.383216990132939639e-01,0.000000000000000000e+00,0.000000000000000000e+00,-2.348138460183981806e+02,-7.345156202538399447e-05,3.009205288253724575e-02,-1.037501274680969579e-06
-2.796350873637859724e+00,-3.167162381633748663e-02,-1.082869659364223480e+02,0.000000000000000000e+00,0.000000000000000000e+00,-9.040538346227036239e-06,-4.316094229346496003e-01,0.000000000000000000e+00,0.000000000000000000e+00,-1.616782881245017052e+02,-5.119736882922664562e-05,2.147047221660614014e-02,-2.835852904882037720e-07
-2.727277327440747801e+00,-2.179657448727557317e-02,-7.451184903830289841e+01,0.000000000000000000e+00,0.000000000000000000e+00,-6.851783408639870012e-06,-3.326773544352188416e-01,0.000000000000000000e+00,0.000000000000000000e+00,-1.080174918547272682e+02,-3.441147605291389931e-05,1.471120119094848633e-02,-2.795746222528261187e-08
7.696038600764824045e-01,3.058719639762231268e-01,8.646147939860820770e+02,0.000000000000000000e+00,0.000000000000000000e+00,2.036258630786256167e-06,1.894256446547599726e+00,0.000000000000000000e+00,0.000000000000000000e+00,2.189476937361061573e+03,6.229177834769182836e-04,-8.922930806875228882e-02,1.103801895410695905e-04
1.430014300945612993e+00,2.163397155611682665e-01,6.642327722609043121e+02,0.000000000000000000e+00,0.000000000000000000e+00,1.088007314884798737e-05,1.567681649348091399e+00,0.000000000000000000e+00,0.000000000000000000e+00,1.433381556212902069e+03,4.216282570097532240e-04,-9.184359014034271240e-02,5.271145546929973129e-05
1.535218511014693421e+00,8.512577316029419361e-01,-6.491250086426734924e+02,0.000000000000000000e+00,0.000000000000000000e+00,-8.384101803445139986e-05,9.466392339828124669e-01,0.000000000000000000e+00,0.000000000000000000e+00,7.002234060093760490e+03,1.394148116707009239e-04,2.595202326774597168e-01,2.682951722380943842e-04
1.953201693242939463e+00,9.388638351074184429e-01,-1.013959551271051168e+03,0.000000000000000000e+00,0.000000000000000000e+00,-1.296951568157186788e-04,7.706720660675596690e-01,0.000000000000000000e+00,0.000000000000000000e+00,6.335111970603466034e+03,-4.353052877395216698e-05,2.003793157637119293e-01,2.418838210335576841e-04
1.787954379070338939e+00,1.324292735641671159e-01,4.278100277269259095e+02,0.000000000000000000e+00,0.000000000000000000e+00,1.370401749248189899e-05,1.102993402346359009e+00,0.000000000000000000e+00,0.000000000000000000e+00,8.168550070682540536e+02,2.458993776296336162e-04,-6.994384061545133591e-02,1.974923150554446091e-05
2.878082602954380675e+00,6.140276658079089206e-02,1.925027688220143318e+02,0.000000000000000000e+00,0.000000000000000000e+00,1.346061939867359425e-06,4.429933286973696815e-01,0.000000000000000000e+00,0.000000000000000000e+00,4.480062021389603615e+02,1.318206744292230756e-04,-2.267261594533920288e-02,2.045747302532154990e-05
2.829960758466106174e+00,4.524655091710760857e-02,1.451109361872076988e+02,0.000000000000000000e+00,0.000000000000000000e+00,1.882711512328155844e-06,3.441471716778302659e-01,0.000000000000000000e+00,0.000000000000000000e+00,3.147637536376714706e+02,9.335026130834759217e-05,-2.001024782657623291e-02,1.196640050143128665e-05
-2.802918764662029272e+00,-3.440506825237913541e-02,-1.125866956468671560e+02,0.000000000000000000e+00,0.000000000000000000e+00,-2.220272486889768810e-06,-2.761634150351410244e-01,0.000000000000000000e+00,0.000000000000000000e+00,-2.297553490959107876e+02,-6.877808453012969271e-05,1.674491167068481445e-02,-6.973994100071378452e-06
3.076823056796656797e+00,2.967063249253516777e-02,9.847962633892893791e+01,0.000000000000000000e+00,0.000000000000000000e+00,2.527637853319092705e-06,2.504178218230761477e-01,0.000000000000000000e+00,0.000000000000000000e+00,1.906277070306241512e+02,5.709283080066113788e-05,-1.646544411778450012e-02,4.615566342432348058e-06
-9.357823016997845328e-04,-5.244606226004725480e-01,-1.195686454176902771e+03,0.000000000000000000e+00,0.000000000000000000e+00,-3.819244450537446522e-06,-2.029141685952035701e+00,0.000000000000000000e+00,0.000000000000000000e+00,-6.030202766835689545e+03,-1.270195027148526053e-03,-1.721689403057098389e-01,-4.355384457411874666e-04
-1.838280311084773411e-01,-5.784131512611038195e-01,-1.057569642566144466e+03,0.000000000000000000e+00,0.000000000000000000e+00,-6.133095056572473623e-06,-1.818331333924147142e+00,0.000000000000000000e+00,0.000000000000000000e+00,-6.839500988930463791e+03,-1.168814548348958912e-03,-2.356958761811256409e-01,-4.233518798287340444e-04
6.708706355304759894e-01,7.085482608629688484e-01,7.006726778820157051e+02,0.000000000000000000e+00,0.000000000000000000e+00,-5.218402833116713823e-06,1.656737443918344210e+00,0.000000000000000000e+00,0.000000000000000000e+00,8.014918755590915680e+03,9.562142077172042665e-04,3.057069778442382812e-01,4.022003045919567100e-04
1.111483659415170022e+00,7.529622221424734363e-01,-1.092265074700117111e+01,0.000000000000000000e+00,0.000000000000000000e+00,-3.687898285884139415e-05,1.218949555704869292e+00,0.000000000000000000e+00,0.000000000000000000e+00,7.472648640381172299e+03,4.851407929672085046e-04,2.923608347773551941e-01,3.117428022156399975e-04
-2.653549244014369535e+00,-1.147199932619162588e-02,-3.895425956696271896e+01,0.000000000000000000e+00,0.000000000000000000e+00,-4.140040632815909750e-06,-2.167292951931883149e-01,0.000000000000000000e+00,0.000000000000000000e+00,-5.413994818925857544e+01,-1.759072875014188595e-05,8.093625307083129883e-03,-2.344150047999758528e-08
2.053043148409461782e+00,1.684980284823353325e-01,5.292185308337211609e+02,0.000000000000000000e+00,0.000000000000000000e+00,8.910672927173159607e-06,1.262713596613616929e+00,0.000000000000000000e+00,0.000000000000000000e+00,1.125826695293188095e+03,3.329946533309440632e-04,-7.612373307347297668e-02,3.950414518708709089e-05
2.249972353139483960e+00,1.055584653717298732e-01,3.446532839201390743e+02,0.000000000000000000e+00,0.000000000000000000e+00,1.042877260435549140e-05,8.861326456906587490e-01,0.000000000000000000e+00,0.000000000000000000e+00,6.596896355487406254e+02,1.985568179814511968e-04,-5.740494281053543091e-02,1.601851310057060513e-05
-2.998772579681870720e+00,-1.330892549776956924e-01,-1.725415009185671806e+02,0.000000000000000000e+00,0.000000000000000000e+00,-7.225500996910755568e-06,-2.964513616256873041e-01,0.000000000000000000e+00,0.000000000000000000e+00,-4.241089492067694664e+02,-8.837946342081164184e-05,2.614618837833404541e-02,-2.787282952235361203e-06
-2.809050670736647159e+00,-8.465044470707550062e-02,-1.239441953822970390e+02,0.000000000000000000e+00,0.000000000000000000e+00,-7.490366442570213608e-06,-2.294450126861375672e-01,0.000000000000000000e+00,0.000000000000000000e+00,-2.653277833759784698e+02,-6.048374367864083485e-05,1.855225861072540283e-02,-9.926451402325512916e-07
-2.619011295015191365e+00,-2.701844482156441352e-01,-2.351082946322858334e+02,0.000000000000000000e+00,0.000000000000000000e+00,6.054481985603072625e-06,-4.047300765864865202e-01,0.000000000000000000e+00,0.000000000000000000e+00,-9.208236419446766376e+02,-1.490590808535330943e-04,3.924195468425750732e-02,-1.467847629628844324e-05
-2.652414772628969963e+00,-1.776198248851810213e-01,-1.952085333168506622e+02,0.000000000000000000e+00,0.000000000000000000e+00,-2.992365369948981393e-06,-3.238374864046874579e-01,0.000000000000000000e+00,0.000000000000000000e+00,-5.810183626115322113e+02,-1.084883736853870727e-04,3.085933998227119446e-02,-6.203882835189154848e-06
-7.680287191997757779e-01,-3.272780883855215261e-01,-8.903380486592650414e+02,0.000000000000000000e+00,0.000000000000000000e+00,5.317076827026087127e-06,-1.885746131299249617e+00,0.000000000000000000e+00,0.000000000000000000e+00,-2.567494414303451777e+03,-7.135824587882965645e-04,6.240825355052947998e-02,-1.576619169761358044e-04
1.336338697553468569e+00,2.202244365831814432e-01,6.523179441448301077e+02,0.000000000000000000e+00,0.000000000000000000e+00,2.871973148079528127e-06,1.460452242081504037e+00,0.000000000000000000e+00,0.000000000000000000e+00,1.589792290747165680e+03,4.590684289496808727e-04,-7.205855380743741989e-02,7.699839653695570699e-05
1.094347075637200567e-03,6.229559990357036448e-01,1.230210900120437145e+03,0.000000000000000000e+00,0.000000000000000000e+00,-2.789155721718365372e-05,2.416913225941030419e+00,0.000000000000000000e+00,0.000000000000000000e+00,5.502105783618986607e+03,1.286348454950888469e-03,4.388221353292465210e-02,4.062607545340095219e-04
2.281606721989868358e-01,4.602059319474008370e-01,1.106636206537485123e+03,0.000000000000000000e+00,0.000000000000000000e+00,-1.536195812946065600e-05,2.230094090352209957e+00,0.000000000000000000e+00,0.000000000000000000e+00,3.896278143182396889e+03,1.015296008457910971e-03,-2.169276773929595947e-02,2.762230214895558772e-04
-2.720825216442250838e+00,-8.000355590111836446e-02,-2.443394936546683311e+02,0.000000000000000000e+00,0.000000000000000000e+00,-2.611379322767377708e-07,-5.467517252110459802e-01,0.000000000000000000e+00,0.000000000000000000e+00,-6.161441380791366100e+02,-1.789011569372551025e-04,2.463284507393836975e-02,-3.286561568584204910e-05
2.458973707014571630e+00,1.040039139459346534e-01,3.085765344873070717e+02,0.000000000000000000e+00,0.000000000000000000e+00,-9.433302413207219758e-07,6.723664430452399587e-01,0.000000000000000000e+00,0.000000000000000000e+00,8.508192578256130219e+02,2.433768088845040915e-04,-2.279875427484512329e-02,5.242900431722247840e-05
1.179452196988795887e+00,2.404978405052265733e-01,6.646023500263690948e+02,0.000000000000000000e+00,0.000000000000000000e+00,-1.940818972475644483e-06,1.287655431101251580e+00,0.000000000000000000e+00,0.000000000000000000e+00,2.455493078581988811e+03,6.471787331229769203e-04,2.429947257041931152e-02,1.958375021743828355e-04
7.632471597777286121e-01,3.763602962592312307e-01,1.039480684295296669e+03,0.000000000000000000e+00,0.000000000000000000e+00,2.557453229658712252e-06,1.869952071829370066e+00,0.000000000000000000e+00,0.000000000000000000e+00,4.191216834902763367e+03,1.045783110396641697e-03,8.344401419162750244e-02,3.346580806888660637e-04
1.992121644708330530e+00,1.286096317552367641e-01,3.704139231592416763e+02,0.000000000000000000e+00,0.000000000000000000e+00,-2.114863422991897126e-06,7.840518627455750345e-01,0.000000000000000000e+00,0.000000000000000000e+00,1.124908259272575378e+03,3.156781498953690210e-04,-1.615304499864578247e-02,7.812018396677347328e-05
1.797400257909902210e+00,1.928373116220465644e-01,5.415521733686327934e+02,0.000000000000000000e+00,0.000000000000000000e+00,-3.129217769945753809e-06,1.104987050735876331e+00,0.000000000000000000e+00,0.000000000000000000e+00,1.816939934335649014e+03,4.962489007899802823e-04,-4.426814615726470947e-03,1.374934227347232368e-04
2.852655834015990877e+00,4.224826420626095480e-01,-3.223010458871722221e+02,0.000000000000000000e+00,0.000000000000000000e+00,-6.994117473791950062e-05,2.335378060227895625e-01,0.000000000000000000e+00,0.000000000000000000e+00,1.774770274512469769e+03,-2.461912847566513724e-05,9.668327867984771729e-03,5.496615272612393838e-05
2.512210467525639146e+00,4.815238726280363646e-01,-5.059482299624942243e+02,0.000000000000000000e+00,0.000000000000000000e+00,-8.374733946137803014e-05,2.487888163601524316e-01,0.000000000000000000e+00,0.000000000000000000e+00,2.196771537580294535e+03,-8.316671766826343615e-05,3.151407674886286259e-02,7.055777421317166323e-05
2.107307928538976749e-01,4.499859080082833640e-01,1.255466600805521011e+03,0.000000000000000000e+00,0.000000000000000000e+00,1.260060486180780924e-05,2.050335924014764277e+00,0.000000000000000000e+00,0.000000000000000000e+00,5.478743028089404106e+03,1.258118603793779208e-03,1.562028527259826660e-01,4.127246385999094446e-04
1.299440565718810135e-03,5.432736467024639193e-01,1.513061286434531212e+03,0.000000000000000000e+00,0.000000000000000000e+00,2.722547863478716026e-05,2.238756618359981854e+00,0.000000000000000000e+00,0.000000000000000000e+00,7.166254699982702732e+03,1.459049481638289604e-03,2.486906200647354126e-01,4.756635039884074068e-04
6.149830084412774012e-01,5.266547428882922821e-01,1.029924864009022713e+03,0.000000000000000000e+00,0.000000000000000000e+00,3.911065047270586697e-05,1.524338511751998748e+00,0.000000000000000000e+00,0.000000000000000000e+00,7.520734120331704617e+03,8.805009076613114433e-04,3.303928896784782410e-01,2.812831336572609421e-04
1.019792688896236088e+00,5.152861797045087400e-01,4.608913947418332100e+02,0.000000000000000000e+00,0.000000000000000000e+00,2.571703229181855309e-05,1.121798224564839019e+00,0.000000000000000000e+00,0.000000000000000000e+00,6.912699911013245583e+03,4.341721581376742638e-04,3.219183161854743958e-01,1.707900933843211461e-04
-8.134886369819771621e-04,-5.126912258555104129e-01,-1.422874291792511940e+03,0.000000000000000000e+00,0.000000000000000000e+00,-2.689255288092047154e-05,-2.085140876104047081e+00,0.000000000000000000e+00,0.000000000000000000e+00,-6.816304455563426018e+03,-1.363650784135605944e-03,-2.406782209873199463e-01,-4.434753506760224324e-04
-1.993034316604034573e-01,-5.585577488413489000e-01,-1.437127687767148018e+03,0.000000000000000000e+00,0.000000000000000000e+00,-3.956868372182579022e-05,-1.982301468240863285e+00,0.000000000000000000e+00,0.000000000000000000e+00,-7.872374556705355644e+03,-1.294515889445855498e-03,-3.156747967004776001e-01,-4.113200842095706983e-04
-2.290559516154370368e+00,-8.185106356246574233e-01,1.309165872126817703e+03,0.000000000000000000e+00,0.000000000000000000e+00,8.961085246839165734e-05,-6.291538109292666991e-01,0.000000000000000000e+00,0.000000000000000000e+00,-6.520837406519800425e+03,4.145603694004379881e-04,-2.834794111549854279e-01,-1.266773466684790051e-04
-2.241914765374161789e+00,-7.437093686976802287e-01,1.255647815696895123e+03,0.000000000000000000e+00,0.000000000000000000e+00,1.081649147443257403e-04,-4.525794877542225758e-01,0.000000000000000000e+00,0.000000000000000000e+00,-4.957256930865347385e+03,3.718713316881775929e-04,-1.896195486187934875e-01,-1.211317701971480052e-04
1.467249323176820663e+00,5.927262836231385057e-01,-1.664560440480709076e+02,0.000000000000000000e+00,0.000000000000000000e+00,-8.084804151433489648e-08,9.071425675714270831e-01,0.000000000000000000e+00,0.000000000000000000e+00,6.915876740574836731e+03,6.313381070081592022e-05,3.302291184663772583e-01,1.199636725775474243e-04
1.907903608417327757e+00,7.122656067661203849e-01,-8.257533495165407658e+02,0.000000000000000000e+00,0.000000000000000000e+00,-4.184506937380740195e-05,7.546219930585364999e-01,0.000000000000000000e+00,0.000000000000000000e+00,6.896679683595895767e+03,-2.419520828554236704e-04,3.223703019320964813e-01,1.112367927197185929e-04
-2.605919893684977229e+00,-7.581520720530707802e-01,1.185302091412246227e+03,0.000000000000000000e+00,0.000000000000000000e+00,1.263289724426427550e-04,-4.029192991662670087e-01,0.000000000000000000e+00,0.000000000000000000e+00,-4.341125237546861172e+03,3.119772568956614934e-04,-1.352104619145393372e-01,-1.251311192243068646e-04
-2.461325827892979934e+00,-5.939813797035654597e-01,7.896920121982693672e+02,0.000000000000000000e+00,0.000000000000000000e+00,1.041302426685993069e-04,-3.007400506958917141e-01,0.000000000000000000e+00,0.000000000000000000e+00,-3.000631905473768711e+03,1.747155198660926216e-04,-6.713315099477767944e-02,-9.394278812078577174e-05
2.564637299816407978e-01,4.921422056282286350e-01,1.221217910360544920e+03,0.000000000000000000e+00,0.000000000000000000e+00,-1.273969548472099307e-05,2.516063498413201316e+00,0.000000000000000000e+00,0.000000000000000000e+00,3.773719726765528321e+03,1.013086021945206784e-03,-7.454586029052734375e-02,2.362445755798285737e-04
-1.245967236353080938e-03,-5.776366320580389457e-01,-1.162589459990500472e+03,0.000000000000000000e+00,0.000000000000000000e+00,2.812450778831820288e-05,-2.314443805473258564e+00,0.000000000000000000e+00,0.000000000000000000e+00,-4.563895707350806333e+03,-1.111145467272334122e-03,1.847038650885224342e-02,-3.131884101444163651e-04
-2.988228847691404511e+00,-5.759295406086892971e-02,-1.028726458400487900e+02,0.000000000000000000e+00,0.000000000000000000e+00,-8.992749182425243784e-06,-2.444833151850940578e-01,0.000000000000000000e+00,0.000000000000000000e+00,-1.792676123976707458e+02,-4.691467176565739487e-05,1.572149991989135742e-02,2.473879008693846108e-07
-2.645694210262972135e+00,-7.559281508469394006e-02,-1.249757450371980667e+02,0.000000000000000000e+00,0.000000000000000000e+00,-9.519503266832348643e-06,-2.620958905080442158e-01,0.000000000000000000e+00,0.000000000000000000e+00,-2.367661576867103577e+02,-5.881764041464986845e-05,1.857325434684753418e-02,-5.784200935386714305e-07
-2.708765261767853261e+00,-1.180742667581636263e-01,-1.767063652165234089e+02,0.000000000000000000e+00,0.000000000000000000e+00,-1.070433155176103448e-05,-3.313855055457027854e-01,0.000000000000000000e+00,0.000000000000000000e+00,-3.749641217887401581e+02,-8.655542359513630356e-05,2.639549598097801208e-02,-1.842397552642221169e-06
2.571875314172201943e+00,1.760982850977353131e-01,2.308240588717162609e+02,0.000000000000000000e+00,0.000000000000000000e+00,9.020208954805147725e-06,3.983575376263033818e-01,0.000000000000000000e+00,0.000000000000000000e+00,5.731614134795963764e+02,1.205844366355661733e-04,-3.440169245004653931e-02,4.971619275799117679e-06
-2.711316091523799710e+00,-2.991313725239547194e-01,-3.274676409363746643e+02,0.000000000000000000e+00,0.000000000000000000e+00,-2.404301274335061847e-06,-5.485778995012072778e-01,0.000000000000000000e+00,0.000000000000000000e+00,-1.014787095079198480e+03,-1.890785120833578627e-04,5.062066577374935150e-02,-1.409800612085260020e-05
2.234678707675949560e+00,4.034353348095615077e-01,3.445959954075515270e+02,0.000000000000000000e+00,0.000000000000000000e+00,-1.424896866922008036e-05,6.154086359297480380e-01,0.000000000000000000e+00,0.000000000000000000e+00,1.461451872806996107e+03,2.367455255968568470e-04,-5.587127618491649628e-02,3.083507114439050094e-05
2.069817307739339363e+00,6.092231866801460782e-01,3.738359765633940697e+02,0.000000000000000000e+00,0.000000000000000000e+00,-4.573452513277888142e-05,8.208351840341473471e-01,0.000000000000000000e+00,0.000000000000000000e+00,2.436211670830845833e+03,3.433246519122771395e-04,-6.228131428360939026e-02,7.388973998245341546e-05
1.778109256310829833e+00,8.305550174887298409e-01,3.634675033837556839e+02,0.000000000000000000e+00,0.000000000000000000e+00,-8.642514248424192091e-05,1.102309190674562345e+00,0.000000000000000000e+00,0.000000000000000000e+00,3.820069515787065029e+03,4.981473045502896090e-04,-4.861409962177276611e-02,1.560773482089101549e-04
-2.123737280670048300e+00,-8.091336394654029540e-01,-7.403732248395681381e+01,0.000000000000000000e+00,0.000000000000000000e+00,1.002102249661991840e-04,-8.402804609046307105e-01,0.000000000000000000e+00,0.000000000000000000e+00,-3.627590854197740555e+03,-3.391826148178413787e-04,2.433219552040100098e-02,-1.426352514757280238e-04
-1.689573565856059334e+00,-9.342676934574606351e-01,3.463836287148296833e+01,0.000000000000000000e+00,0.000000000000000000e+00,1.253587215095144350e-04,-1.044153211027176287e+00,0.000000000000000000e+00,0.000000000000000000e+00,-4.926757634815759957e+03,-4.491640308172915874e-04,-2.205576747655868530e-02,-2.357634070630329384e-04
-1.281715740953514926e+00,-1.005042122507459279e+00,-9.760241561755537987e+01,0.000000000000000000e+00,0.000000000000000000e+00,1.234481263816688981e-04,-1.408443304915489636e+00,0.000000000000000000e+00,0.000000000000000000e+00,-6.408644307323731482e+03,-7.033532668457207447e-04,-8.524360973387956619e-02,-3.566084425972128520e-04
-6.529503557747446951e-01,-8.179630371898554131e-01,-4.885260597094893456e+02,0.000000000000000000e+00,0.000000000000000000e+00,7.695477604568337171e-05,-1.614754345316812723e+00,0.000000000000000000e+00,0.000000000000000000e+00,-6.249548542093485594e+03,-9.232337914769352897e-04,-1.089089810848236084e-01,-3.945104176958138522e-04
-1.970929701517245003e-01,-6.853168304677753619e-01,-9.059378526918590069e+02,0.000000000000000000e+00,0.000000000000000000e+00,4.373392550286592370e-05,-1.947139040882302830e+00,0.000000000000000000e+00,0.000000000000000000e+00,-5.890775443982332945e+03,-1.139135094591446542e-03,-9.477400034666061401e-02,-4.129732137029282560e-04
-9.355242486953924824e-04,-5.568096774089853485e-01,-1.083745330274105072e+03,0.000000000000000000e+00,0.000000000000000000e+00,2.527589363417072891e-05,-2.131026507712490581e+00,0.000000000000000000e+00,0.000000000000000000e+00,-4.920968318343162537e+03,-1.141441554791090005e-03,-4.270663857460021973e-02,-3.629012032344111258e-04
-2.728231056155934642e+00,-1.809343003299556524e-02,-6.221956232190132141e+01,0.000000000000000000e+00,0.000000000000000000e+00,-4.556933156773195328e-06,-2.227684713251825155e-01,0.000000000000000000e+00,0.000000000000000000e+00,-9.600466259568929672e+01,-3.010958859842063998e-05,1.200658082962036133e-02,-3.076904836975154618e-07
2.732065547489418211e+00,2.374399571890369390e-02,8.147980802971869707e+01,0.000000000000000000e+00,0.000000000000000000e+00,5.243495396484131518e-06,2.698194196861606331e-01,0.000000000000000000e+00,0.000000000000000000e+00,1.297617315119132400e+02,4.034799929372221805e-05,-1.572526246309280396e-02,7.390844217828875336e-07
-2.249276546935976562e+00,-9.360339293377031855e-02,-3.116288310550153255e+02,0.000000000000000000e+00,0.000000000000000000e+00,-1.464982685396092734e-05,-8.882447757347287087e-01,0.000000000000000000e+00,0.000000000000000000e+00,-5.433567676879465580e+02,-1.663304794772791576e-04,5.527186393737792969e-02,-8.536426972382984388e-06
2.503597008159272441e+00,4.033271659226091987e-01,2.466654979251325130e+02,0.000000000000000000e+00,0.000000000000000000e+00,-2.492091946272151473e-05,5.055377689867358582e-01,0.000000000000000000e+00,0.000000000000000000e+00,1.461169026833027601e+03,1.976409859132722039e-04,-4.436748474836349487e-02,3.288582346625785682e-05
-2.598208343268862741e+00,-6.521228220382855323e-01,-2.204741316251456738e+02,0.000000000000000000e+00,0.000000000000000000e+00,6.364343754110051918e-05,-7.140610425565809827e-01,0.000000000000000000e+00,0.000000000000000000e+00,-2.582550570089370012e+03,-2.852748470576281612e-04,5.078312754631042480e-02,-7.873389144641547118e-05
-1.918189667151857236e+00,-1.754165559396372864e-01,-5.279155896753072739e+02,0.000000000000000000e+00,0.000000000000000000e+00,-1.447567862322754504e-06,-1.182750318502128195e+00,0.000000000000000000e+00,0.000000000000000000e+00,-1.301246155284345150e+03,-3.762756387063651117e-04,5.826240777969360352e-02,-6.484694951343595800e-05
-2.225427831500959464e+00,-1.185234412167291002e-01,-3.731607485031709075e+02,0.000000000000000000e+00,0.000000000000000000e+00,-4.818941394090151998e-06,-8.784024137272830046e-01,0.000000000000000000e+00,0.000000000000000000e+00,-8.173896509762853384e+02,-2.411695845116035416e-04,5.036272294819355011e-02,-3.146950139991040084e-05
2.411177798499499314e+00,8.157433242098599546e-02,2.652948843482881784e+02,0.000000000000000000e+00,0.000000000000000000e+00,6.327381010563203339e-06,6.612319991027780786e-01,0.000000000000000000e+00,0.000000000000000000e+00,5.282301143864169717e+02,1.581412445260273994e-04,-4.167195223271846771e-02,1.506666150130698262e-05
2.465493764395472187e+00,5.614834164130634575e-02,1.869622047748416662e+02,0.000000000000000000e+00,0.000000000000000000e+00,6.517389504721472697e-06,4.966838365776263808e-01,0.000000000000000000e+00,0.000000000000000000e+00,3.450265128295868635e+02,1.044507597939203569e-04,-3.275934979319572449e-02,6.987323790382500709e-06
1.049127685248246343e-03,5.372924823906969349e-01,1.107647334983572364e+03,0.000000000000000000e+00,0.000000000000000000e+00,-1.299039478290738837e-05,2.067952882907045264e+00,0.000000000000000000e+00,0.000000000000000000e+00,5.423736645167693496e+03,1.209147123784765467e-03,1.071358583867549896e-01,4.095723270225396103e-04
2.295311594486875717e-01,4.834161365529319188e-01,1.157562030136585236e+03,0.000000000000000000e+00,0.000000000000000000e+00,-1.241513098658128091e-05,2.245522748361316712e+00,0.000000000000000000e+00,0.000000000000000000e+00,4.610547442469745874e+03,1.156638892910839865e-03,3.963034972548484802e-02,3.550290637804111066e-04
7.732652040754123268e-01,3.531160405373520161e-01,9.298012129366397858e+02,0.000000000000000000e+00,0.000000000000000000e+00,-8.665347433677091324e-06,1.902194374941424515e+00,0.000000000000000000e+00,0.000000000000000000e+00,3.100235425353050232e+03,8.361148707733286577e-04,-2.032242342829704285e-02,2.231663642254148405e-04
1.479357724370372162e+00,2.666873517284829020e-01,7.560132205709815025e+02,0.000000000000000000e+00,0.000000000000000000e+00,-3.606123939406155470e-06,1.620229254494518933e+00,0.000000000000000000e+00,0.000000000000000000e+00,2.146019647251814604e+03,6.043819714904555447e-04,-5.340113118290901184e-02,1.330430216343545522e-04
-2.501290737141661502e+00,-4.011774683292657073e-02,-1.354296668004244566e+02,0.000000000000000000e+00,0.000000000000000000e+00,-6.211690535168885069e-06,-3.860202255330388299e-01,0.000000000000000000e+00,0.000000000000000000e+00,-2.353021849505603313e+02,-7.222692326527430106e-05,2.380620874464511871e-02,-3.350076962779561674e-06
2.725639657095414226e+00,3.175812590452834622e-02,1.083176184184849262e+02,0.000000000000000000e+00,0.000000000000000000e+00,6.019613606668807421e-06,3.323188392210565389e-01,0.000000000000000000e+00,0.000000000000000000e+00,1.793343964740633965e+02,5.527591741733859168e-05,-2.075093612074851990e-02,1.693999659948860001e-06
2.763380011255920365e+00,1.440702544554686160e-01,1.363880845289677382e+02,0.000000000000000000e+00,0.000000000000000000e+00,-5.667268755806110021e-07,2.264383854208427416e-01,0.000000000000000000e+00,0.000000000000000000e+00,4.688686973867006600e+02,7.903795117461278306e-05,-2.331899525597691536e-02,5.270464846084474956e-06
-2.617705322482798636e+00,-1.977236229209591856e-01,-1.439553718976676464e+02,0.000000000000000000e+00,0.000000000000000000e+00,7.415994168336624274e-06,-2.595452137888679123e-01,0.000000000000000000e+00,0.000000000000000000e+00,-6.649467693567276001e+02,-9.572575768999018594e-05,2.741310372948646545e-02,-1.022543547292833995e-05
1.162868247648729536e+00,9.023709941517664701e-01,-1.268230748549103737e+02,0.000000000000000000e+00,0.000000000000000000e+00,-9.164648841787515084e-05,1.280937331612230112e+00,0.000000000000000000e+00,0.000000000000000000e+00,7.108661461018025875e+03,5.828039837383646501e-04,2.025334089994430542e-01,3.743068483232519540e-04
-6.512596980571060401e-01,-7.791904070395211379e-01,-4.848201340436935425e+02,0.000000000000000000e+00,0.000000000000000000e+00,4.750469897427195357e-05,-1.615057550404469078e+00,0.000000000000000000e+00,0.000000000000000000e+00,-7.233789248101413250e+03,-9.402145145426900113e-04,-2.158008143305778503e-01,-4.290470017951030206e-04
2.040190392591636037e+00,9.548152343273231812e-01,-5.356521409004926682e+02,0.000000000000000000e+00,0.000000000000000000e+00,-1.448590326605821415e-04,8.093518908115256982e-01,0.000000000000000000e+00,0.000000000000000000e+00,5.138296927608549595e+03,1.955048781007490046e-04,7.219402492046356201e-02,2.278946288404687078e-04
-1.564818038087990137e+00,-9.418140947368700555e-01,5.028976310715079308e+02,0.000000000000000000e+00,0.000000000000000000e+00,1.279643629837386577e-04,-9.699212423888992074e-01,0.000000000000000000e+00,0.000000000000000000e+00,-6.095959066979587078e+03,-3.006516938497220677e-04,-1.395924463868141174e-01,-2.945149269148211626e-04
2.297001705674643013e+00,5.542275017877700272e-01,-5.218952236603945494e+01,0.000000000000000000e+00,0.000000000000000000e+00,-7.250997416114570500e-05,4.648319147594796030e-01,0.000000000000000000e+00,0.000000000000000000e+00,2.274963680280372500e+03,1.473954091429030230e-04,-1.916260924190282822e-02,7.560431787899247308e-05
1.983748251382991157e+00,6.836443491246692039e-01,-2.542557697258889675e+02,0.000000000000000000e+00,0.000000000000000000e+00,-1.015324851645878017e-04,5.466420232564732640e-01,0.000000000000000000e+00,0.000000000000000000e+00,3.158363124571740627e+03,1.433538991042104165e-04,1.035144180059432983e-02,1.244436341402417969e-04
2.761157036742396098e+00,3.065795228851809773e-01,1.466753350459039211e+02,0.000000000000000000e+00,0.000000000000000000e+00,-2.190649562240544484e-05,3.381818805556724983e-01,0.000000000000000000e+00,0.000000000000000000e+00,1.079743050986900926e+03,1.273446537829995184e-04,-3.277873247861862183e-02,2.267708208306083774e-05
2.581518328279150065e+00,4.239359233741353261e-01,8.498643212020397186e+01,0.000000000000000000e+00,0.000000000000000000e+00,-4.384049270667972299e-05,4.003303520786627434e-01,0.000000000000000000e+00,0.000000000000000000e+00,1.592539622753858566e+03,1.441568091137109746e-04,-2.969370782375335693e-02,4.297133857271548309e-05
2.820627388903695021e+00,1.634251285364164349e-02,5.584916009753942490e+01,0.000000000000000000e+00,0.000000000000000000e+00,5.535530931709444574e-06,2.785757761096112617e-01,0.000000000000000000e+00,0.000000000000000000e+00,7.908762331306934357e+01,2.535398587387086480e-05,-1.148674637079238892e-02,-1.301835664537848091e-07
-1.082843189998222233e-03,-5.361704905034208046e-01,-1.089812124490737915e+03,0.000000000000000000e+00,0.000000000000000000e+00,1.297500603942912284e-05,-2.034008080603146418e+00,0.000000000000000000e+00,0.000000000000000000e+00,-5.424295623973011971e+03,-1.196849040465486260e-03,-1.103570610284805298e-01,-4.078518952848483544e-04
-2.066172813428627797e-01,-7.008908020218344026e-01,-1.020851495698094368e+03,0.000000000000000000e+00,0.000000000000000000e+00,2.302489421991739076e-05,-2.052378949622081450e+00,0.000000000000000000e+00,0.000000000000000000e+00,-7.088676918402314186e+03,-1.278469035413044852e-03,-1.910901814699172974e-01,-4.827998671883218670e-04
-3.024177878170431821e+00,-3.103766207000099170e-02,-1.052530352789908648e+02,0.000000000000000000e+00,0.000000000000000000e+00,-4.695421795293008542e-06,-2.972797851586259088e-01,0.000000000000000000e+00,0.000000000000000000e+00,-1.838957586567848921e+02,-5.631417409122818521e-05,1.804494298994541168e-02,-2.769963185587384231e-06
2.991660958514660074e+00,2.372621862039598489e-02,8.111299674212932587e+01,0.000000000000000000e+00,0.000000000000000000e+00,4.239416547624035862e-06,2.430419846310822862e-01,0.000000000000000000e+00,0.000000000000000000e+00,1.360305254608392715e+02,4.178298192511072751e-05,-1.543706655502319336e-02,1.462461976969406658e-06
3.143392161930887774e+00,5.778266357502470640e-02,1.906328248977661133e+02,0.000000000000000000e+00,0.000000000000000000e+00,4.903726431277336383e-06,4.823610994606725710e-01,0.000000000000000000e+00,0.000000000000000000e+00,3.713551601544022560e+02,1.112617117830177571e-04,-3.291916474699974060e-02,9.386694182255726575e-06
-2.774460498260705066e+00,-3.767995368031813730e-02,-1.261146208569407463e+02,0.000000000000000000e+00,0.000000000000000000e+00,-4.489809531551328386e-06,-3.366594270283169710e-01,0.000000000000000000e+00,0.000000000000000000e+00,-2.314720575958490372e+02,-7.011904468063694096e-05,2.154625207185745239e-02,-4.477420047218988602e-06
2.318405042294711560e+00,8.731154974713610517e-02,2.733742099516093731e+02,0.000000000000000000e+00,0.000000000000000000e+00,2.313922749547788307e-06,6.323574256057939991e-01,0.000000000000000000e+00,0.000000000000000000e+00,6.244540588781237602e+02,1.834516210647442588e-04,-3.426901623606681824e-02,2.679230528719032017e-05
-2.429110316345653331e+00,-6.259907645245731123e-02,-2.017309371791779995e+02,0.000000000000000000e+00,0.000000000000000000e+00,-3.448286647299821747e-06,-4.870862645719219453e-01,0.000000000000000000e+00,0.000000000000000000e+00,-4.224351003617048264e+02,-1.258271426910812678e-04,2.876276522874832153e-02,-1.427230347391310313e-05
-1.854732973026435028e+00,-1.832498462816946339e-01,-5.291959304846823215e+02,0.000000000000000000e+00,0.000000000000000000e+00,2.435484272880739280e-06,-1.137701069674218024e+00,0.000000000000000000e+00,0.000000000000000000e+00,-1.509628945887088776e+03,-4.272392452529366049e-04,3.441096097230911255e-02,-9.599663279141400186e-05
-2.199319779904715944e+00,-1.284721764750714479e-01,-3.877005875557661057e+02,0.000000000000000000e+00,0.000000000000000000e+00,-2.079365266671640108e-07,-8.636958850498210882e-01,0.000000000000000000e+00,0.000000000000000000e+00,-9.819983939118683338e+02,-2.837690433582028379e-04,3.944917768239974976e-02,-5.201403717018567843e-05
